donation_id,amount,created_at,campaign_id,donor_hash,_loaded_at
AB-2-01200,5.25,2026-02-08 21:00:00,fundraising_2026,sha256:118c8bebe9090f9a,2026-07-10 17:40:38
AB-2-01201,9.37,2026-01-27 18:00:00,volunteer_drive,sha256:88867d0730503d17,2026-07-10 17:40:38
AB-2-01202,27.24,2026-01-19 23:00:00,volunteer_drive,sha256:6bfe295a05491a29,2026-07-10 17:40:38
AB-2-01203,94.84,2026-03-06 23:00:00,small_dollar,sha256:4e897e1172fd5e19,2026-07-10 17:40:38
AB-2-01204,94.34,2026-03-16 00:00:00,fundraising_2026,sha256:17fed9f640c42748,2026-07-10 17:40:38
AB-2-01205,5.47,2026-01-22 17:00:00,fundraising_2026,sha256:9e799aec57b6c936,2026-07-10 17:40:38
AB-2-01206,48.66,2026-03-06 22:00:00,small_dollar,sha256:2f67642f94f08d70,2026-07-10 17:40:38
AB-2-01207,10.67,2026-03-28 03:00:00,volunteer_drive,sha256:8248916c3aa9da36,2026-07-10 17:40:38
AB-2-01208,46.13,2026-03-07 07:00:00,volunteer_drive,sha256:5142a51f60554577,2026-07-10 17:40:38
AB-2-01209,9.99,2026-01-15 16:00:00,volunteer_drive,sha256:c43e69b43f25cc49,2026-07-10 17:40:38
AB-2-01210,4.58,2026-03-13 23:00:00,volunteer_drive,sha256:25ff9f1df0038162,2026-07-10 17:40:38
AB-2-01211,104.72,2026-02-06 14:00:00,small_dollar,sha256:bbdee6f99caf51d7,2026-07-10 17:40:38
AB-2-01212,98.15,2026-02-26 07:00:00,volunteer_drive,sha256:6b365430428655db,2026-07-10 17:40:38
AB-2-01213,243.37,2026-01-09 15:00:00,fundraising_2026,sha256:fd54acffb1ad95ac,2026-07-10 17:40:38
AB-2-01214,4.9,2026-03-04 21:00:00,small_dollar,sha256:709e96a8ce5330ad,2026-07-10 17:40:38
AB-2-01215,9.79,2026-01-11 03:00:00,small_dollar,sha256:3ec22e976e1542fa,2026-07-10 17:40:38
AB-2-01216,9.13,2026-01-14 23:00:00,fundraising_2026,sha256:5290b056eb774433,2026-07-10 17:40:38
AB-2-01217,4.73,2026-03-18 12:00:00,volunteer_drive,sha256:75bda6b923aec57f,2026-07-10 17:40:38
AB-2-01218,101.87,2026-02-05 22:00:00,small_dollar,sha256:943277f1e2d57566,2026-07-10 17:40:38
AB-2-01219,255.16,2026-02-15 15:00:00,volunteer_drive,sha256:1352cefc67580a7c,2026-07-10 17:40:38
AB-2-01220,10.54,2026-03-07 08:00:00,fundraising_2026,sha256:02d9471fe8352d40,2026-07-10 17:40:38
AB-2-01221,10.26,2026-03-04 15:00:00,fundraising_2026,sha256:e6f59b078d9b7f19,2026-07-10 17:40:38
AB-2-01222,51.78,2026-01-07 02:00:00,fundraising_2026,sha256:2b3cf4610603c69a,2026-07-10 17:40:38
AB-2-01223,9.61,2026-03-28 10:00:00,small_dollar,sha256:1052a9188f989ac2,2026-07-10 17:40:38
AB-2-01224,105.35,2026-01-10 21:00:00,volunteer_drive,sha256:a4ccb133a3f0264b,2026-07-10 17:40:38
AB-2-01225,50.05,2026-03-26 15:00:00,small_dollar,sha256:e331f7578d2f3acf,2026-07-10 17:40:38
AB-2-01226,5.45,2026-03-11 17:00:00,fundraising_2026,sha256:f4459ffd3b1d2f6e,2026-07-10 17:40:38
AB-2-01227,48.15,2026-01-16 12:00:00,volunteer_drive,sha256:035c4b711908ac75,2026-07-10 17:40:38
AB-2-01228,10.11,2026-01-05 01:00:00,volunteer_drive,sha256:c4b67be2df4bc0b4,2026-07-10 17:40:38
AB-2-01229,46.34,2026-01-22 15:00:00,small_dollar,sha256:71c79a6387d8c97c,2026-07-10 17:40:38
AB-2-01230,249.53,2026-01-15 18:00:00,small_dollar,sha256:63ae74af929e158a,2026-07-10 17:40:38
AB-2-01231,50.62,2026-03-15 15:00:00,fundraising_2026,sha256:871cb681dcc9440e,2026-07-10 17:40:38
AB-2-01232,50.91,2026-02-20 08:00:00,volunteer_drive,sha256:3fc2ef9db84d2ead,2026-07-10 17:40:38
AB-2-01233,22.81,2026-02-15 09:00:00,small_dollar,sha256:1fe28c0b8f96d120,2026-07-10 17:40:38
AB-2-01234,254.2,2026-02-16 11:00:00,small_dollar,sha256:69965c57c8416d61,2026-07-10 17:40:38
AB-2-01235,27.46,2026-01-13 13:00:00,volunteer_drive,sha256:46c8ec592375730e,2026-07-10 17:40:38
AB-2-01236,9.47,2026-03-26 07:00:00,volunteer_drive,sha256:ce27b097d0bdbe15,2026-07-10 17:40:38
AB-2-01237,23.07,2026-03-30 02:00:00,fundraising_2026,sha256:48d80b0523afd589,2026-07-10 17:40:38
AB-2-01238,51.58,2026-02-11 01:00:00,volunteer_drive,sha256:87af6b91be4cc783,2026-07-10 17:40:38
AB-2-01239,5.2,2026-02-23 08:00:00,small_dollar,sha256:a049b105bd145bfc,2026-07-10 17:40:38
AB-2-01240,97.81,2026-02-10 12:00:00,small_dollar,sha256:a78c0419657deece,2026-07-10 17:40:38
AB-2-01241,258.76,2026-03-04 03:00:00,volunteer_drive,sha256:e7c9297f1370b580,2026-07-10 17:40:38
AB-2-01242,10.23,2026-03-27 10:00:00,volunteer_drive,sha256:d86a2cf8741d9d6f,2026-07-10 17:40:38
AB-2-01243,267.37,2026-01-26 15:00:00,fundraising_2026,sha256:e32c23d72482afd9,2026-07-10 17:40:38
AB-2-01244,23.83,2026-03-10 06:00:00,volunteer_drive,sha256:39c708ff8e40d292,2026-07-10 17:40:38
AB-2-01245,104.86,2026-02-21 07:00:00,fundraising_2026,sha256:aaa2bbb7a0a11cd8,2026-07-10 17:40:38
AB-2-01246,96.74,2026-03-16 03:00:00,fundraising_2026,sha256:d27101910d811acd,2026-07-10 17:40:38
AB-2-01247,47.1,2026-03-09 15:00:00,fundraising_2026,sha256:da1dcba6578ee0d2,2026-07-10 17:40:38
AB-2-01248,24.66,2026-02-08 16:00:00,small_dollar,sha256:69e63750c93e3833,2026-07-10 17:40:38
AB-2-01249,25.62,2026-02-23 12:00:00,volunteer_drive,sha256:495febabe2f270c3,2026-07-10 17:40:38
AB-2-01250,5.13,2026-03-12 05:00:00,small_dollar,sha256:c18cdadc0304c12f,2026-07-10 17:40:38
AB-2-01251,10.32,2026-03-15 15:00:00,small_dollar,sha256:888427f07faaa077,2026-07-10 17:40:38
AB-2-01252,106.18,2026-02-04 20:00:00,volunteer_drive,sha256:f54c44efd301ed90,2026-07-10 17:40:38
AB-2-01253,94.01,2026-03-22 01:00:00,volunteer_drive,sha256:d087d225a925893d,2026-07-10 17:40:38
AB-2-01254,263.28,2026-01-20 23:00:00,volunteer_drive,sha256:18d106692d419351,2026-07-10 17:40:38
AB-2-01255,10.69,2026-01-09 20:00:00,volunteer_drive,sha256:7db4ded23bc17b49,2026-07-10 17:40:38
AB-2-01256,25.93,2026-03-24 05:00:00,fundraising_2026,sha256:9ad4e667fd3f0d3d,2026-07-10 17:40:38
AB-2-01257,9.06,2026-01-15 04:00:00,volunteer_drive,sha256:962bd3769404427c,2026-07-10 17:40:38
AB-2-01258,51.47,2026-03-13 13:00:00,fundraising_2026,sha256:67a6b533cab7cb28,2026-07-10 17:40:38
AB-2-01259,4.76,2026-02-04 04:00:00,volunteer_drive,sha256:dfa49ea87c13fb8c,2026-07-10 17:40:38
AB-2-01260,5.46,2026-01-23 20:00:00,volunteer_drive,sha256:9b7840c84dbd1805,2026-07-10 17:40:38
AB-2-01261,25.51,2026-01-08 02:00:00,fundraising_2026,sha256:48138ce6a5ad80f4,2026-07-10 17:40:38
AB-2-01262,257.87,2026-02-22 11:00:00,fundraising_2026,sha256:f2e99a65f41273f1,2026-07-10 17:40:38
AB-2-01263,5.07,2026-01-18 07:00:00,small_dollar,sha256:89dbd4ee396fe21e,2026-07-10 17:40:38
AB-2-01264,108.99,2026-03-08 21:00:00,small_dollar,sha256:217e7640556b177f,2026-07-10 17:40:38
AB-2-01265,92.45,2026-01-12 07:00:00,volunteer_drive,sha256:d1144c5402da13d5,2026-07-10 17:40:38
AB-2-01266,53.06,2026-03-16 23:00:00,small_dollar,sha256:1270663c26ef7cef,2026-07-10 17:40:38
AB-2-01267,9.21,2026-02-24 06:00:00,fundraising_2026,sha256:a9e74cf8e8bb4846,2026-07-10 17:40:38
AB-2-01268,26.81,2026-02-26 13:00:00,fundraising_2026,sha256:d223887df57c9188,2026-07-10 17:40:38
AB-2-01269,4.82,2026-02-17 22:00:00,volunteer_drive,sha256:270a907967f2c7ae,2026-07-10 17:40:38
AB-2-01270,9.73,2026-02-01 08:00:00,small_dollar,sha256:6e29245e390045d2,2026-07-10 17:40:38
AB-2-01271,273.34,2026-02-09 00:00:00,small_dollar,sha256:4845e908a8c56ad7,2026-07-10 17:40:38
AB-2-01272,270.87,2026-03-26 01:00:00,small_dollar,sha256:35655b3dbc7cc340,2026-07-10 17:40:38
AB-2-01273,25.69,2026-03-12 12:00:00,small_dollar,sha256:4b12e45cb24d35e7,2026-07-10 17:40:38
AB-2-01274,107.34,2026-03-29 03:00:00,volunteer_drive,sha256:35d6726340830302,2026-07-10 17:40:38
AB-2-01275,22.95,2026-02-20 08:00:00,fundraising_2026,sha256:44e8234c96e3db35,2026-07-10 17:40:38
AB-2-01276,240.86,2026-01-21 14:00:00,small_dollar,sha256:3b8b026899b410ca,2026-07-10 17:40:38
AB-2-01277,5.32,2026-01-05 08:00:00,volunteer_drive,sha256:35709978823aa8bc,2026-07-10 17:40:38
AB-2-01278,246.12,2026-02-22 10:00:00,fundraising_2026,sha256:65ef0bd3f8420c29,2026-07-10 17:40:38
AB-2-01279,91.33,2026-03-31 08:00:00,volunteer_drive,sha256:2545249af8ebaeba,2026-07-10 17:40:38
AB-2-01280,24.77,2026-03-12 23:00:00,fundraising_2026,sha256:a2d210c32359560d,2026-07-10 17:40:38
AB-2-01281,10.26,2026-03-24 20:00:00,small_dollar,sha256:a2f0d6227093c900,2026-07-10 17:40:38
AB-2-01282,240.28,2026-02-21 06:00:00,small_dollar,sha256:eb280d15ba3c5f1c,2026-07-10 17:40:38
AB-2-01283,104.27,2026-01-21 07:00:00,small_dollar,sha256:8aa15ec388c54d21,2026-07-10 17:40:38
AB-2-01284,52.93,2026-03-18 21:00:00,volunteer_drive,sha256:96d79473e628767a,2026-07-10 17:40:38
AB-2-01285,10.37,2026-01-18 08:00:00,volunteer_drive,sha256:2ee9adccbede2348,2026-07-10 17:40:38
AB-2-01286,48.68,2026-01-26 02:00:00,volunteer_drive,sha256:92185be0940b9860,2026-07-10 17:40:38
AB-2-01287,5.45,2026-03-15 07:00:00,small_dollar,sha256:afc8a8a5213dac9c,2026-07-10 17:40:38
AB-2-01288,5.47,2026-03-22 07:00:00,fundraising_2026,sha256:b5380443ded985b3,2026-07-10 17:40:38
AB-2-01289,51.18,2026-01-22 01:00:00,small_dollar,sha256:51b39942ba533526,2026-07-10 17:40:38
AB-2-01290,10.89,2026-01-12 11:00:00,fundraising_2026,sha256:d0089d035a15f5b7,2026-07-10 17:40:38
AB-2-01291,53.27,2026-03-09 13:00:00,volunteer_drive,sha256:46d3561eb4c77739,2026-07-10 17:40:38
AB-2-01292,23.94,2026-01-27 06:00:00,volunteer_drive,sha256:fb91cf614abe5421,2026-07-10 17:40:38
AB-2-01293,94.31,2026-02-25 06:00:00,volunteer_drive,sha256:278a09ba493c5cad,2026-07-10 17:40:38
AB-2-01294,9.82,2026-01-25 13:00:00,fundraising_2026,sha256:d4ac5d07ea154a4a,2026-07-10 17:40:38
AB-2-01295,99.02,2026-02-03 07:00:00,fundraising_2026,sha256:2c94a05ec0223995,2026-07-10 17:40:38
AB-2-01296,45.86,2026-03-29 20:00:00,volunteer_drive,sha256:f7b7192270eb16df,2026-07-10 17:40:38
AB-2-01297,51.87,2026-02-11 22:00:00,small_dollar,sha256:12c22c62c12f5db5,2026-07-10 17:40:38
AB-2-01298,95.12,2026-02-24 23:00:00,fundraising_2026,sha256:e18c978e50640a0f,2026-07-10 17:40:38
AB-2-01299,9.94,2026-01-07 10:00:00,volunteer_drive,sha256:c0502aff4c5b3b9b,2026-07-10 17:40:38
AB-2-01300,262.41,2026-03-27 19:00:00,fundraising_2026,sha256:6c565f0157a8ef40,2026-07-10 17:40:38
AB-2-01301,48.03,2026-03-06 19:00:00,volunteer_drive,sha256:f1d3d7abc261f35e,2026-07-10 17:40:38
AB-2-01302,5.08,2026-01-17 17:00:00,volunteer_drive,sha256:e35e7c2b818bf580,2026-07-10 17:40:38
AB-2-01303,46.32,2026-03-05 10:00:00,volunteer_drive,sha256:2f4fd3b5acdac987,2026-07-10 17:40:38
AB-2-01304,23.08,2026-02-25 04:00:00,fundraising_2026,sha256:621080faa02fbc20,2026-07-10 17:40:38
AB-2-01305,243.03,2026-03-05 08:00:00,volunteer_drive,sha256:57ce6d48a36b1de7,2026-07-10 17:40:38
AB-2-01306,25.08,2026-02-03 19:00:00,volunteer_drive,sha256:dd2386e437613c2a,2026-07-10 17:40:38
AB-2-01307,52.64,2026-02-10 23:00:00,fundraising_2026,sha256:94b2408ef36960da,2026-07-10 17:40:38
AB-2-01308,45.53,2026-03-26 20:00:00,fundraising_2026,sha256:2b1df80d0624d83a,2026-07-10 17:40:38
AB-2-01309,47.6,2026-01-24 01:00:00,small_dollar,sha256:8f04967737deb96f,2026-07-10 17:40:38
AB-2-01310,4.94,2026-01-15 15:00:00,small_dollar,sha256:7729948f0809367c,2026-07-10 17:40:38
AB-2-01311,5.35,2026-02-28 15:00:00,fundraising_2026,sha256:dfcda71ff0aa7f59,2026-07-10 17:40:38
AB-2-01312,23.4,2026-01-12 06:00:00,fundraising_2026,sha256:3bd9fbbf4aa33c82,2026-07-10 17:40:38
AB-2-01313,254.28,2026-02-04 18:00:00,small_dollar,sha256:f7397dff0c92bcf8,2026-07-10 17:40:38
AB-2-01314,93.61,2026-01-01 16:00:00,fundraising_2026,sha256:7b2c043fb541acc4,2026-07-10 17:40:38
AB-2-01315,5.39,2026-03-05 21:00:00,fundraising_2026,sha256:eda7c648487c6aae,2026-07-10 17:40:38
AB-2-01316,48.74,2026-03-29 03:00:00,fundraising_2026,sha256:652344d69768d352,2026-07-10 17:40:38
AB-2-01317,4.96,2026-01-20 00:00:00,small_dollar,sha256:b691d7a891c8d77a,2026-07-10 17:40:38
AB-2-01318,25.47,2026-02-28 20:00:00,fundraising_2026,sha256:9052555463e142f8,2026-07-10 17:40:38
AB-2-01319,109.02,2026-01-06 20:00:00,volunteer_drive,sha256:0b038af2138c46bb,2026-07-10 17:40:38
AB-2-01320,10.73,2026-03-14 04:00:00,small_dollar,sha256:8fac6f480d53bb52,2026-07-10 17:40:38
AB-2-01321,5.05,2026-01-08 23:00:00,small_dollar,sha256:12d6a261436cb117,2026-07-10 17:40:38
AB-2-01322,9.48,2026-02-21 08:00:00,volunteer_drive,sha256:840bd516cc464005,2026-07-10 17:40:38
AB-2-01323,52.79,2026-01-27 05:00:00,volunteer_drive,sha256:5acdaca59cada7c0,2026-07-10 17:40:38
AB-2-01324,4.8,2026-03-25 04:00:00,volunteer_drive,sha256:6c3d63bcbf296dce,2026-07-10 17:40:38
AB-2-01325,92.63,2026-02-09 21:00:00,small_dollar,sha256:5dc39a18da6a01d5,2026-07-10 17:40:38
AB-2-01326,9.98,2026-02-17 16:00:00,volunteer_drive,sha256:8cf3f779e010bb44,2026-07-10 17:40:38
AB-2-01327,45.9,2026-03-14 19:00:00,volunteer_drive,sha256:9c539dcf74b7445e,2026-07-10 17:40:38
AB-2-01328,51.31,2026-03-20 05:00:00,fundraising_2026,sha256:98265a0a87586a83,2026-07-10 17:40:38
AB-2-01329,236.21,2026-02-13 14:00:00,small_dollar,sha256:b9d0b0b6c1a5b227,2026-07-10 17:40:38
AB-2-01330,257.36,2026-03-05 16:00:00,fundraising_2026,sha256:6b836b4a2b36dd77,2026-07-10 17:40:38
AB-2-01331,48.0,2026-02-25 02:00:00,fundraising_2026,sha256:a7322faf19b124e7,2026-07-10 17:40:38
AB-2-01332,98.55,2026-02-08 07:00:00,small_dollar,sha256:80eb370cf6f60d8d,2026-07-10 17:40:38
AB-2-01333,92.15,2026-01-10 01:00:00,volunteer_drive,sha256:c4a3bb6982203018,2026-07-10 17:40:38
AB-2-01334,253.42,2026-03-01 21:00:00,volunteer_drive,sha256:9445ff5abd843e41,2026-07-10 17:40:38
AB-2-01335,90.33,2026-03-16 02:00:00,small_dollar,sha256:71325da9153c7f76,2026-07-10 17:40:38
AB-2-01336,45.45,2026-01-23 05:00:00,volunteer_drive,sha256:de0973e0382752b4,2026-07-10 17:40:38
AB-2-01337,104.48,2026-02-08 10:00:00,small_dollar,sha256:32c92f73b109b29f,2026-07-10 17:40:38
AB-2-01338,9.42,2026-02-03 10:00:00,fundraising_2026,sha256:23503dbfd78d70fb,2026-07-10 17:40:38
AB-2-01339,230.32,2026-03-19 08:00:00,small_dollar,sha256:951796049f317f01,2026-07-10 17:40:38
AB-2-01340,4.67,2026-02-20 03:00:00,volunteer_drive,sha256:5c3ecd7596361ab1,2026-07-10 17:40:38
AB-2-01341,255.09,2026-02-21 21:00:00,volunteer_drive,sha256:b64c844d8df9559e,2026-07-10 17:40:38
AB-2-01342,258.69,2026-03-20 11:00:00,small_dollar,sha256:ef80d3acf1891e65,2026-07-10 17:40:38
AB-2-01343,9.27,2026-02-08 02:00:00,fundraising_2026,sha256:334ca61c2b4be3d0,2026-07-10 17:40:38
AB-2-01344,10.72,2026-01-03 22:00:00,fundraising_2026,sha256:107f2a7bed2b0ca6,2026-07-10 17:40:38
AB-2-01345,9.87,2026-01-19 20:00:00,small_dollar,sha256:334cb2db38323eca,2026-07-10 17:40:38
AB-2-01346,4.8,2026-03-10 06:00:00,volunteer_drive,sha256:0f2fee255f595779,2026-07-10 17:40:38
AB-2-01347,4.67,2026-02-24 00:00:00,fundraising_2026,sha256:6ac320bd2078ddb3,2026-07-10 17:40:38
AB-2-01348,45.2,2026-02-26 15:00:00,volunteer_drive,sha256:8463d19514fa1c3e,2026-07-10 17:40:38
AB-2-01349,106.59,2026-01-26 09:00:00,volunteer_drive,sha256:733c090d97327755,2026-07-10 17:40:38
AB-2-01350,267.38,2026-01-02 03:00:00,volunteer_drive,sha256:efa7bffa2b646a6a,2026-07-10 17:40:38
AB-2-01351,101.92,2026-03-05 23:00:00,small_dollar,sha256:3631c0ff3033704a,2026-07-10 17:40:38
AB-2-01352,49.86,2026-01-05 15:00:00,small_dollar,sha256:a65080b985f48a9c,2026-07-10 17:40:38
AB-2-01353,10.43,2026-03-28 15:00:00,small_dollar,sha256:f878de046c7d086c,2026-07-10 17:40:38
AB-2-01354,91.27,2026-03-15 10:00:00,small_dollar,sha256:2885c96ac2b79ee3,2026-07-10 17:40:38
AB-2-01355,51.23,2026-03-02 03:00:00,small_dollar,sha256:7588c558e973c572,2026-07-10 17:40:38
AB-2-01356,4.66,2026-03-31 13:00:00,small_dollar,sha256:b81a343126242078,2026-07-10 17:40:38
AB-2-01357,10.02,2026-02-14 14:00:00,small_dollar,sha256:52d2b8e836765aaf,2026-07-10 17:40:38
AB-2-01358,257.85,2026-02-13 19:00:00,fundraising_2026,sha256:dfa617e23bdf1b4b,2026-07-10 17:40:38
AB-2-01359,257.63,2026-02-19 13:00:00,volunteer_drive,sha256:42ddc4cbe247ea78,2026-07-10 17:40:38
AB-2-01360,9.56,2026-01-21 19:00:00,small_dollar,sha256:0aac10163f36c4aa,2026-07-10 17:40:38
AB-2-01361,9.4,2026-03-03 04:00:00,small_dollar,sha256:7de2ff7d9ad3d419,2026-07-10 17:40:38
AB-2-01362,23.67,2026-02-23 15:00:00,small_dollar,sha256:d16c0b0c6e95cfff,2026-07-10 17:40:38
AB-2-01363,24.29,2026-01-03 11:00:00,fundraising_2026,sha256:c61bba2ce771f4d3,2026-07-10 17:40:38
AB-2-01364,4.84,2026-03-06 01:00:00,fundraising_2026,sha256:989a189e6a5f083a,2026-07-10 17:40:38
AB-2-01365,9.97,2026-01-16 17:00:00,volunteer_drive,sha256:bf46eec88c12f15a,2026-07-10 17:40:38
AB-2-01366,26.98,2026-01-06 17:00:00,small_dollar,sha256:0585aadf7d6ef083,2026-07-10 17:40:38
AB-2-01367,5.21,2026-03-19 21:00:00,volunteer_drive,sha256:96678acc4cd70675,2026-07-10 17:40:38
AB-2-01368,102.19,2026-01-15 03:00:00,fundraising_2026,sha256:b31ed8d2c938fe8f,2026-07-10 17:40:38
AB-2-01369,4.67,2026-01-06 16:00:00,fundraising_2026,sha256:584df1de14319434,2026-07-10 17:40:38
AB-2-01370,239.61,2026-02-16 05:00:00,volunteer_drive,sha256:2e1e10c3d2708281,2026-07-10 17:40:38
AB-2-01371,4.65,2026-03-05 23:00:00,volunteer_drive,sha256:a1d6a8556285b4d1,2026-07-10 17:40:38
AB-2-01372,9.88,2026-01-18 03:00:00,volunteer_drive,sha256:5d8eebc48d5bdfc4,2026-07-10 17:40:38
AB-2-01373,48.41,2026-01-01 07:00:00,small_dollar,sha256:38d0d72bf8e2d115,2026-07-10 17:40:38
AB-2-01374,262.74,2026-02-04 11:00:00,volunteer_drive,sha256:930123a111213daa,2026-07-10 17:40:38
AB-2-01375,98.43,2026-02-01 04:00:00,fundraising_2026,sha256:a698532348b640cd,2026-07-10 17:40:38
AB-2-01376,53.98,2026-02-24 13:00:00,small_dollar,sha256:06636bcbfc91a4ae,2026-07-10 17:40:38
AB-2-01377,46.46,2026-02-16 00:00:00,fundraising_2026,sha256:ee51b6b7cb3166ce,2026-07-10 17:40:38
AB-2-01378,4.84,2026-03-08 02:00:00,volunteer_drive,sha256:1cbe60fbaf36bac5,2026-07-10 17:40:38
AB-2-01379,4.89,2026-01-22 13:00:00,fundraising_2026,sha256:334e01a92b322aec,2026-07-10 17:40:38
AB-2-01380,91.16,2026-03-24 04:00:00,small_dollar,sha256:7c5de4fa7c629fb6,2026-07-10 17:40:38
AB-2-01381,24.6,2026-03-26 16:00:00,small_dollar,sha256:d1ff66b3af69b98d,2026-07-10 17:40:38
AB-2-01382,240.68,2026-02-08 23:00:00,volunteer_drive,sha256:6ae105025081b6d3,2026-07-10 17:40:38
AB-2-01383,108.41,2026-02-05 16:00:00,small_dollar,sha256:427c686701723972,2026-07-10 17:40:38
AB-2-01384,102.49,2026-03-24 06:00:00,small_dollar,sha256:02e7eba648563071,2026-07-10 17:40:38
AB-2-01385,245.23,2026-03-31 11:00:00,fundraising_2026,sha256:938e87e1b329314d,2026-07-10 17:40:38
AB-2-01386,96.69,2026-01-11 01:00:00,small_dollar,sha256:148e08b8e00f74bd,2026-07-10 17:40:38
AB-2-01387,95.68,2026-01-17 16:00:00,fundraising_2026,sha256:08e9fc8260d6418d,2026-07-10 17:40:38
AB-2-01388,26.29,2026-02-09 16:00:00,fundraising_2026,sha256:bcf7fe051ee12307,2026-07-10 17:40:38
AB-2-01389,23.71,2026-03-11 18:00:00,volunteer_drive,sha256:9f82fcb9ef12396c,2026-07-10 17:40:38
AB-2-01390,228.0,2026-03-06 03:00:00,volunteer_drive,sha256:35667f42df6282a0,2026-07-10 17:40:38
AB-2-01391,4.55,2026-03-06 11:00:00,small_dollar,sha256:65dbfbf0779aef1f,2026-07-10 17:40:38
AB-2-01392,104.74,2026-02-27 09:00:00,volunteer_drive,sha256:9069c756f1a5a2fb,2026-07-10 17:40:38
AB-2-01393,101.31,2026-01-31 23:00:00,small_dollar,sha256:fc8d5faae59a8588,2026-07-10 17:40:38
AB-2-01394,24.0,2026-03-18 07:00:00,small_dollar,sha256:f6f2e7c84008a9d0,2026-07-10 17:40:38
AB-2-01395,10.43,2026-03-15 21:00:00,small_dollar,sha256:8c9bcdbceee5643f,2026-07-10 17:40:38
AB-2-01396,101.65,2026-01-14 10:00:00,volunteer_drive,sha256:36a24d741cbb1519,2026-07-10 17:40:38
AB-2-01397,53.28,2026-01-19 22:00:00,fundraising_2026,sha256:e39a9d17adeceb0f,2026-07-10 17:40:38
AB-2-01398,47.15,2026-02-24 04:00:00,fundraising_2026,sha256:da108a5e483c44ad,2026-07-10 17:40:38
AB-2-01399,101.18,2026-03-09 12:00:00,volunteer_drive,sha256:8a5c3cdf476e8143,2026-07-10 17:40:38
AB-2-01400,246.17,2026-03-16 15:00:00,volunteer_drive,sha256:6a7963b0675958ee,2026-07-10 17:40:38
AB-2-01401,53.24,2026-03-04 23:00:00,fundraising_2026,sha256:212f7b816a328b20,2026-07-10 17:40:38
AB-2-01402,46.29,2026-03-04 22:00:00,small_dollar,sha256:b51f60831e5fffdc,2026-07-10 17:40:38
AB-2-01403,235.63,2026-03-09 03:00:00,volunteer_drive,sha256:27f55808d7611abf,2026-07-10 17:40:38
AB-2-01404,27.11,2026-01-21 17:00:00,fundraising_2026,sha256:a678029ad77f31da,2026-07-10 17:40:38
AB-2-01405,4.87,2026-02-22 03:00:00,volunteer_drive,sha256:3bee4f0a0fbfd485,2026-07-10 17:40:38
AB-2-01406,24.02,2026-01-20 03:00:00,volunteer_drive,sha256:ed73a24dba5b424b,2026-07-10 17:40:38
AB-2-01407,9.28,2026-03-04 00:00:00,small_dollar,sha256:df43f86b1865740c,2026-07-10 17:40:38
AB-2-01408,9.37,2026-02-09 09:00:00,small_dollar,sha256:cb94217d3ab18800,2026-07-10 17:40:38
AB-2-01409,22.84,2026-01-16 17:00:00,fundraising_2026,sha256:8034e66ae1602e7b,2026-07-10 17:40:38
AB-2-01410,99.05,2026-03-15 09:00:00,volunteer_drive,sha256:d38206c8151a9760,2026-07-10 17:40:38
AB-2-01411,92.66,2026-03-02 23:00:00,fundraising_2026,sha256:47343881530fefa2,2026-07-10 17:40:38
AB-2-01412,247.45,2026-02-28 14:00:00,small_dollar,sha256:e25f4153af58dd16,2026-07-10 17:40:38
AB-2-01413,98.19,2026-03-21 21:00:00,fundraising_2026,sha256:0a6b76e611bf3865,2026-07-10 17:40:38
AB-2-01414,5.46,2026-02-13 17:00:00,volunteer_drive,sha256:e9c764bce00d0247,2026-07-10 17:40:38
AB-2-01415,10.41,2026-03-24 02:00:00,small_dollar,sha256:49d64ea1dc0fd1cb,2026-07-10 17:40:38
AB-2-01416,231.19,2026-02-09 17:00:00,small_dollar,sha256:1a86cc15c7e04231,2026-07-10 17:40:38
AB-2-01417,105.15,2026-03-21 17:00:00,small_dollar,sha256:18a89185633f7c30,2026-07-10 17:40:38
AB-2-01418,4.62,2026-03-02 16:00:00,small_dollar,sha256:cca9032efd525ef6,2026-07-10 17:40:38
AB-2-01419,9.49,2026-01-03 08:00:00,small_dollar,sha256:194bc3d682693de3,2026-07-10 17:40:38
AB-2-01420,5.31,2026-03-16 14:00:00,small_dollar,sha256:ccc607528939dc66,2026-07-10 17:40:38
AB-2-01421,53.62,2026-03-17 01:00:00,fundraising_2026,sha256:94640757a25fe06f,2026-07-10 17:40:38
AB-2-01422,5.36,2026-01-24 13:00:00,volunteer_drive,sha256:c378cb616a67d641,2026-07-10 17:40:38
AB-2-01423,5.04,2026-01-12 03:00:00,volunteer_drive,sha256:cc6ddf241164c32e,2026-07-10 17:40:38
AB-2-01424,9.61,2026-02-02 02:00:00,volunteer_drive,sha256:814ab9add71a502b,2026-07-10 17:40:38
AB-2-01425,23.41,2026-01-08 19:00:00,small_dollar,sha256:03f9f90eaa524b4c,2026-07-10 17:40:38
AB-2-01426,23.21,2026-02-19 03:00:00,volunteer_drive,sha256:51fb07425ba12160,2026-07-10 17:40:38
AB-2-01427,9.48,2026-01-16 01:00:00,small_dollar,sha256:6a00069687ae8a3c,2026-07-10 17:40:38
AB-2-01428,97.7,2026-03-05 16:00:00,fundraising_2026,sha256:1707f044c393850f,2026-07-10 17:40:38
AB-2-01429,98.14,2026-02-10 14:00:00,volunteer_drive,sha256:9f69660741835168,2026-07-10 17:40:38
AB-2-01430,4.77,2026-03-23 07:00:00,small_dollar,sha256:622fd3ac7985fc19,2026-07-10 17:40:38
AB-2-01431,264.26,2026-02-01 17:00:00,volunteer_drive,sha256:dd8b789125802068,2026-07-10 17:40:38
AB-2-01432,250.02,2026-02-27 02:00:00,fundraising_2026,sha256:57ee905f72425a8a,2026-07-10 17:40:38
AB-2-01433,109.05,2026-01-22 07:00:00,small_dollar,sha256:2e5da573cae2b20a,2026-07-10 17:40:38
AB-2-01434,95.78,2026-01-01 14:00:00,fundraising_2026,sha256:e294230074a1670f,2026-07-10 17:40:38
AB-2-01435,95.02,2026-03-03 08:00:00,small_dollar,sha256:93bd5161b350ceff,2026-07-10 17:40:38
AB-2-01436,10.17,2026-02-14 20:00:00,small_dollar,sha256:4c0404482be3a40b,2026-07-10 17:40:38
AB-2-01437,101.26,2026-01-21 23:00:00,volunteer_drive,sha256:ac91f716aeb33265,2026-07-10 17:40:38
AB-2-01438,10.45,2026-03-31 03:00:00,volunteer_drive,sha256:69e9d6e01917956e,2026-07-10 17:40:38
AB-2-01439,109.15,2026-01-27 19:00:00,volunteer_drive,sha256:905749e2bf2b9eae,2026-07-10 17:40:38
AB-2-01440,27.4,2026-02-13 20:00:00,small_dollar,sha256:0d55e5737a30e445,2026-07-10 17:40:38
AB-2-01441,24.21,2026-02-01 21:00:00,volunteer_drive,sha256:598b80f546ba7999,2026-07-10 17:40:38
AB-2-01442,231.69,2026-02-12 00:00:00,fundraising_2026,sha256:ca72d99b33cdfd79,2026-07-10 17:40:38
AB-2-01443,233.68,2026-01-01 00:00:00,small_dollar,sha256:874b30e5352a4db2,2026-07-10 17:40:38
AB-2-01444,91.62,2026-03-04 12:00:00,small_dollar,sha256:5366b9a6048ed813,2026-07-10 17:40:38
AB-2-01445,247.26,2026-03-10 00:00:00,fundraising_2026,sha256:c5dc5d5abc8cd7f8,2026-07-10 17:40:38
AB-2-01446,24.43,2026-02-18 19:00:00,small_dollar,sha256:ae05dafb078f2802,2026-07-10 17:40:38
AB-2-01447,27.18,2026-01-16 14:00:00,volunteer_drive,sha256:23a26502b995b538,2026-07-10 17:40:38
AB-2-01448,271.07,2026-01-03 08:00:00,volunteer_drive,sha256:cee80631bd0b0817,2026-07-10 17:40:38
AB-2-01449,26.54,2026-03-20 20:00:00,fundraising_2026,sha256:0654f83b3416e9fa,2026-07-10 17:40:38
AB-2-01450,4.78,2026-03-05 11:00:00,small_dollar,sha256:f2dafbb45c95249b,2026-07-10 17:40:38
AB-2-01451,10.97,2026-01-27 00:00:00,small_dollar,sha256:79e76565d9fd661c,2026-07-10 17:40:38
AB-2-01452,99.88,2026-02-05 18:00:00,small_dollar,sha256:6aed9a31a62beba8,2026-07-10 17:40:38
AB-2-01453,255.15,2026-03-14 21:00:00,fundraising_2026,sha256:4e79bb105df49196,2026-07-10 17:40:38
AB-2-01454,4.63,2026-01-17 23:00:00,small_dollar,sha256:4cab00dbe9ec5b3a,2026-07-10 17:40:38
AB-2-01455,23.46,2026-03-08 23:00:00,small_dollar,sha256:4d07eb051e86f0fd,2026-07-10 17:40:38
AB-2-01456,102.29,2026-03-30 21:00:00,small_dollar,sha256:bbc2638fe1f712e2,2026-07-10 17:40:38
AB-2-01457,51.41,2026-02-28 00:00:00,small_dollar,sha256:59e1460d7d8e96da,2026-07-10 17:40:38
AB-2-01458,47.74,2026-02-11 13:00:00,small_dollar,sha256:beffae845a3a7277,2026-07-10 17:40:38
AB-2-01459,105.18,2026-03-05 11:00:00,small_dollar,sha256:d7fd7b3909e0050c,2026-07-10 17:40:38
AB-2-01460,98.98,2026-02-05 13:00:00,fundraising_2026,sha256:3cdd5064cbd6d131,2026-07-10 17:40:38
AB-2-01461,106.15,2026-02-12 02:00:00,small_dollar,sha256:a2c1c239587964fa,2026-07-10 17:40:38
AB-2-01462,5.42,2026-03-30 13:00:00,fundraising_2026,sha256:e3761b2ade104854,2026-07-10 17:40:38
AB-2-01463,256.26,2026-02-09 02:00:00,fundraising_2026,sha256:5814df7aab34946e,2026-07-10 17:40:38
AB-2-01464,271.75,2026-01-04 18:00:00,volunteer_drive,sha256:d474453ff0719b1b,2026-07-10 17:40:38
AB-2-01465,26.66,2026-03-02 07:00:00,volunteer_drive,sha256:786c0985c6dd4acb,2026-07-10 17:40:38
AB-2-01466,102.39,2026-01-31 02:00:00,fundraising_2026,sha256:34db16a0fbf34a72,2026-07-10 17:40:38
AB-2-01467,5.47,2026-03-16 03:00:00,fundraising_2026,sha256:aff79c60b1143350,2026-07-10 17:40:38
AB-2-01468,9.12,2026-03-30 02:00:00,volunteer_drive,sha256:16a4060e57352d4d,2026-07-10 17:40:38
AB-2-01469,45.66,2026-03-20 20:00:00,small_dollar,sha256:3440480e2b892b8f,2026-07-10 17:40:38
AB-2-01470,49.02,2026-01-07 09:00:00,small_dollar,sha256:a4ab80c0cf5f3e69,2026-07-10 17:40:38
AB-2-01471,256.2,2026-01-30 19:00:00,volunteer_drive,sha256:3e9548622f68d676,2026-07-10 17:40:38
AB-2-01472,92.03,2026-02-24 19:00:00,small_dollar,sha256:9a8f05f09fa9ffac,2026-07-10 17:40:38
AB-2-01473,96.56,2026-01-04 14:00:00,fundraising_2026,sha256:ed51a61b98de491a,2026-07-10 17:40:38
AB-2-01474,228.38,2026-01-02 19:00:00,fundraising_2026,sha256:beca84e7c407be92,2026-07-10 17:40:38
AB-2-01475,95.13,2026-01-17 20:00:00,volunteer_drive,sha256:10fc3c7b21e580b9,2026-07-10 17:40:38
AB-2-01476,9.49,2026-03-21 14:00:00,fundraising_2026,sha256:ad597c0f9eafaf20,2026-07-10 17:40:38
AB-2-01477,50.13,2026-02-09 18:00:00,small_dollar,sha256:6ba11ec15216955b,2026-07-10 17:40:38
AB-2-01478,105.51,2026-02-09 18:00:00,fundraising_2026,sha256:9cb532785e49054f,2026-07-10 17:40:38
AB-2-01479,24.34,2026-03-19 10:00:00,fundraising_2026,sha256:04b7868414ed2096,2026-07-10 17:40:38
AB-2-01480,9.11,2026-03-26 21:00:00,small_dollar,sha256:5507b6d12606ced5,2026-07-10 17:40:38
AB-2-01481,48.44,2026-03-13 01:00:00,fundraising_2026,sha256:0966fba36d7893e8,2026-07-10 17:40:38
AB-2-01482,23.45,2026-01-26 02:00:00,volunteer_drive,sha256:8c34ddb1ff7d1cb1,2026-07-10 17:40:38
AB-2-01483,241.56,2026-03-01 19:00:00,small_dollar,sha256:12baeb90a06b8bf6,2026-07-10 17:40:38
AB-2-01484,24.59,2026-02-12 19:00:00,fundraising_2026,sha256:d44fd71a42244d74,2026-07-10 17:40:38
AB-2-01485,10.84,2026-01-06 15:00:00,small_dollar,sha256:162c18391fe776b1,2026-07-10 17:40:38
AB-2-01486,94.26,2026-01-30 14:00:00,volunteer_drive,sha256:edd60dbc217bb2c4,2026-07-10 17:40:38
AB-2-01487,47.05,2026-02-12 23:00:00,fundraising_2026,sha256:0a437ad3d7a568fd,2026-07-10 17:40:38
AB-2-01488,4.57,2026-01-01 11:00:00,fundraising_2026,sha256:e244008eb30b7d1d,2026-07-10 17:40:38
AB-2-01489,46.94,2026-01-19 09:00:00,small_dollar,sha256:0048a7e909f4f9c3,2026-07-10 17:40:38
AB-2-01490,4.7,2026-02-16 01:00:00,volunteer_drive,sha256:5adf942c38c80c38,2026-07-10 17:40:38
AB-2-01491,9.68,2026-02-03 23:00:00,small_dollar,sha256:9f83f73e28e4b42d,2026-07-10 17:40:38
AB-2-01492,10.69,2026-01-26 00:00:00,fundraising_2026,sha256:d1d85f05aea0d9d4,2026-07-10 17:40:38
AB-2-01493,51.55,2026-03-28 04:00:00,fundraising_2026,sha256:4349a0568a2ca5ef,2026-07-10 17:40:38
AB-2-01494,47.4,2026-01-27 09:00:00,volunteer_drive,sha256:445031a9783cde2b,2026-07-10 17:40:38
AB-2-01495,53.78,2026-03-09 19:00:00,fundraising_2026,sha256:1994551eec82f924,2026-07-10 17:40:38
AB-2-01496,10.07,2026-01-17 06:00:00,small_dollar,sha256:1932cf5fca466551,2026-07-10 17:40:38
AB-2-01497,237.23,2026-03-18 13:00:00,fundraising_2026,sha256:c25d59c3f102b49d,2026-07-10 17:40:38
AB-2-01498,95.88,2026-03-17 06:00:00,fundraising_2026,sha256:47e0e2533aa4463f,2026-07-10 17:40:38
AB-2-01499,26.86,2026-01-07 20:00:00,small_dollar,sha256:a208e8f782698695,2026-07-10 17:40:38
AB-2-01500,229.07,2026-03-04 06:00:00,volunteer_drive,sha256:33cb7ecab947dba9,2026-07-10 17:40:38
AB-2-01501,10.02,2026-03-20 02:00:00,small_dollar,sha256:61774ac078365882,2026-07-10 17:40:38
AB-2-01502,99.29,2026-02-17 15:00:00,volunteer_drive,sha256:348a65b60684b65f,2026-07-10 17:40:38
AB-2-01503,52.16,2026-03-09 22:00:00,volunteer_drive,sha256:f2364879eea1b144,2026-07-10 17:40:38
AB-2-01504,271.06,2026-03-16 12:00:00,small_dollar,sha256:7f2e55a67ce95e09,2026-07-10 17:40:38
AB-2-01505,9.9,2026-01-27 07:00:00,fundraising_2026,sha256:65b3596538c2f537,2026-07-10 17:40:38
AB-2-01506,50.71,2026-02-09 13:00:00,volunteer_drive,sha256:0bd428417bf9f08c,2026-07-10 17:40:38
AB-2-01507,4.8,2026-01-11 04:00:00,small_dollar,sha256:f2d0005af8eaec3a,2026-07-10 17:40:38
AB-2-01508,50.12,2026-03-16 01:00:00,volunteer_drive,sha256:060b156d2fa57e73,2026-07-10 17:40:38
AB-2-01509,48.68,2026-03-01 13:00:00,volunteer_drive,sha256:264028519e9ae445,2026-07-10 17:40:38
AB-2-01510,9.88,2026-02-18 00:00:00,volunteer_drive,sha256:d7f935a5ce6c6d13,2026-07-10 17:40:38
AB-2-01511,26.71,2026-02-15 02:00:00,small_dollar,sha256:df60f18bec88c6a4,2026-07-10 17:40:38
AB-2-01512,9.2,2026-01-11 08:00:00,fundraising_2026,sha256:2a7c385c1acfcc09,2026-07-10 17:40:38
AB-2-01513,23.48,2026-03-11 06:00:00,volunteer_drive,sha256:be8c0140b1c47e4d,2026-07-10 17:40:38
AB-2-01514,10.41,2026-03-29 08:00:00,fundraising_2026,sha256:f77997ff7f3ae1da,2026-07-10 17:40:38
AB-2-01515,5.27,2026-03-11 08:00:00,volunteer_drive,sha256:4dd582d2e4e5bc58,2026-07-10 17:40:38
AB-2-01516,105.16,2026-02-21 12:00:00,fundraising_2026,sha256:ef40d578908272a7,2026-07-10 17:40:38
AB-2-01517,47.28,2026-03-07 04:00:00,small_dollar,sha256:8272c7bf935eba35,2026-07-10 17:40:38
AB-2-01518,101.74,2026-03-02 07:00:00,small_dollar,sha256:3778f3c1313cff77,2026-07-10 17:40:38
AB-2-01519,4.81,2026-03-01 10:00:00,fundraising_2026,sha256:4460c56d354f27c5,2026-07-10 17:40:38
AB-2-01520,9.88,2026-03-31 13:00:00,small_dollar,sha256:84e6b407ac59ec5f,2026-07-10 17:40:38
AB-2-01521,9.61,2026-01-18 18:00:00,small_dollar,sha256:dc767a020ae8f27f,2026-07-10 17:40:38
AB-2-01522,23.63,2026-03-26 11:00:00,volunteer_drive,sha256:b2268eaf001cacc0,2026-07-10 17:40:38
AB-2-01523,95.99,2026-02-21 22:00:00,small_dollar,sha256:c50bf3051cc14c91,2026-07-10 17:40:38
AB-2-01524,10.95,2026-01-05 04:00:00,volunteer_drive,sha256:3bf5749100263da1,2026-07-10 17:40:38
AB-2-01525,107.34,2026-03-19 19:00:00,volunteer_drive,sha256:f0c04634f685ddf2,2026-07-10 17:40:38
AB-2-01526,97.73,2026-02-20 02:00:00,volunteer_drive,sha256:2fb9cf1b9ef22e54,2026-07-10 17:40:38
AB-2-01527,269.74,2026-03-14 14:00:00,fundraising_2026,sha256:d16be22ba744b41a,2026-07-10 17:40:38
AB-2-01528,9.06,2026-03-28 17:00:00,small_dollar,sha256:a90e769a53c3157d,2026-07-10 17:40:38
AB-2-01529,9.14,2026-01-04 05:00:00,volunteer_drive,sha256:8745a848865bb534,2026-07-10 17:40:38
AB-2-01530,251.22,2026-01-30 09:00:00,volunteer_drive,sha256:7840b50eaafe5f5e,2026-07-10 17:40:38
AB-2-01531,9.65,2026-03-08 00:00:00,volunteer_drive,sha256:aa791f64b8793328,2026-07-10 17:40:38
AB-2-01532,98.37,2026-01-15 04:00:00,small_dollar,sha256:96739a11c4099563,2026-07-10 17:40:38
AB-2-01533,9.62,2026-01-27 04:00:00,small_dollar,sha256:d1d92faa022f8b79,2026-07-10 17:40:38
AB-2-01534,108.78,2026-01-21 19:00:00,small_dollar,sha256:3007f633e333a280,2026-07-10 17:40:38
AB-2-01535,23.51,2026-03-29 14:00:00,fundraising_2026,sha256:07771b723a576010,2026-07-10 17:40:38
AB-2-01536,10.05,2026-02-21 19:00:00,small_dollar,sha256:2bd515e1e776af7d,2026-07-10 17:40:38
AB-2-01537,90.78,2026-02-28 14:00:00,fundraising_2026,sha256:2596b44930dc73a5,2026-07-10 17:40:38
AB-2-01538,267.13,2026-02-28 11:00:00,volunteer_drive,sha256:8c7f1e64f45eef9c,2026-07-10 17:40:38
AB-2-01539,9.36,2026-01-23 13:00:00,small_dollar,sha256:37e0b5bbba929c6e,2026-07-10 17:40:38
AB-2-01540,234.17,2026-02-28 12:00:00,small_dollar,sha256:7ded74186dc7bf64,2026-07-10 17:40:38
AB-2-01541,10.77,2026-03-31 01:00:00,fundraising_2026,sha256:bc331646d32defe1,2026-07-10 17:40:38
AB-2-01542,25.83,2026-03-22 17:00:00,fundraising_2026,sha256:d302b3b2c660feb9,2026-07-10 17:40:38
AB-2-01543,54.92,2026-01-28 15:00:00,small_dollar,sha256:55f8081fed0dcdfe,2026-07-10 17:40:38
AB-2-01544,5.0,2026-02-17 02:00:00,volunteer_drive,sha256:450efc687e8a7073,2026-07-10 17:40:38
AB-2-01545,10.01,2026-01-22 08:00:00,volunteer_drive,sha256:a7fbd60690f0bc12,2026-07-10 17:40:38
AB-2-01546,262.49,2026-03-23 22:00:00,volunteer_drive,sha256:a7f3f9570a11f7be,2026-07-10 17:40:38
AB-2-01547,45.38,2026-02-21 06:00:00,volunteer_drive,sha256:b0d85b1d338d87b5,2026-07-10 17:40:38
AB-2-01548,262.43,2026-01-18 10:00:00,volunteer_drive,sha256:117e1b76d5fd7711,2026-07-10 17:40:38
AB-2-01549,237.11,2026-01-11 17:00:00,volunteer_drive,sha256:20cde7236d8b8578,2026-07-10 17:40:38
AB-2-01550,10.68,2026-02-05 05:00:00,small_dollar,sha256:f05bbb19d9605f2d,2026-07-10 17:40:38
AB-2-01551,104.83,2026-02-07 03:00:00,fundraising_2026,sha256:54a1dc13225be0ab,2026-07-10 17:40:38
AB-2-01552,23.27,2026-01-02 21:00:00,volunteer_drive,sha256:b87d8d2d23d87737,2026-07-10 17:40:38
AB-2-01553,94.32,2026-01-05 21:00:00,small_dollar,sha256:0ebd390c55f024d6,2026-07-10 17:40:38
AB-2-01554,258.13,2026-03-23 16:00:00,small_dollar,sha256:9d70a2e53ca9501a,2026-07-10 17:40:38
AB-2-01555,24.72,2026-02-19 22:00:00,small_dollar,sha256:01c63101174a750c,2026-07-10 17:40:38
AB-2-01556,9.75,2026-02-18 06:00:00,fundraising_2026,sha256:2b433233e7196517,2026-07-10 17:40:38
AB-2-01557,5.49,2026-01-03 13:00:00,volunteer_drive,sha256:34070ed28fdc3031,2026-07-10 17:40:38
AB-2-01558,4.72,2026-03-29 21:00:00,fundraising_2026,sha256:d33803cceecbdbd5,2026-07-10 17:40:38
AB-2-01559,233.35,2026-03-27 05:00:00,volunteer_drive,sha256:f6343383dc2a911b,2026-07-10 17:40:38
AB-2-01560,102.54,2026-02-11 10:00:00,small_dollar,sha256:63c505351d1430ef,2026-07-10 17:40:38
AB-2-01561,46.21,2026-03-11 12:00:00,fundraising_2026,sha256:d74c1b1b1f96485b,2026-07-10 17:40:38
AB-2-01562,4.9,2026-02-11 05:00:00,volunteer_drive,sha256:26361103aabca163,2026-07-10 17:40:38
AB-2-01563,9.13,2026-01-28 14:00:00,volunteer_drive,sha256:92cb62a6b286b89f,2026-07-10 17:40:38
AB-2-01564,5.39,2026-02-17 01:00:00,volunteer_drive,sha256:2359314d78d67dc4,2026-07-10 17:40:38
AB-2-01565,5.21,2026-03-18 15:00:00,small_dollar,sha256:9cbee42b54267f40,2026-07-10 17:40:38
AB-2-01566,27.41,2026-01-13 19:00:00,small_dollar,sha256:4f06796364e38aad,2026-07-10 17:40:38
AB-2-01567,23.38,2026-03-30 04:00:00,small_dollar,sha256:8b486651729e5ffa,2026-07-10 17:40:38
AB-2-01568,4.84,2026-03-27 15:00:00,small_dollar,sha256:5d997fe9b0fac495,2026-07-10 17:40:38
AB-2-01569,102.81,2026-02-27 12:00:00,fundraising_2026,sha256:c822e080be566496,2026-07-10 17:40:38
AB-2-01570,5.12,2026-01-02 07:00:00,fundraising_2026,sha256:22b4104f2178843c,2026-07-10 17:40:38
AB-2-01571,91.59,2026-02-24 07:00:00,fundraising_2026,sha256:c3c7e05ffe89ac7f,2026-07-10 17:40:38
AB-2-01572,9.75,2026-02-07 06:00:00,small_dollar,sha256:3c41b4099ec2f13c,2026-07-10 17:40:38
AB-2-01573,268.87,2026-03-18 14:00:00,fundraising_2026,sha256:734b3347bf364a51,2026-07-10 17:40:38
AB-2-01574,105.84,2026-03-24 01:00:00,volunteer_drive,sha256:c45ee6a54fcc0dd0,2026-07-10 17:40:38
AB-2-01575,10.69,2026-02-06 00:00:00,volunteer_drive,sha256:a80cbd578207043e,2026-07-10 17:40:38
AB-2-01576,5.41,2026-01-27 17:00:00,small_dollar,sha256:583a06fd0715933f,2026-07-10 17:40:38
AB-2-01577,236.12,2026-03-29 22:00:00,volunteer_drive,sha256:3e2f7f8559cd5652,2026-07-10 17:40:38
AB-2-01578,225.3,2026-01-24 14:00:00,volunteer_drive,sha256:1588ea11d92323f4,2026-07-10 17:40:38
AB-2-01579,274.6,2026-01-25 01:00:00,fundraising_2026,sha256:07c42420268b7d17,2026-07-10 17:40:38
AB-2-01580,106.62,2026-01-23 18:00:00,fundraising_2026,sha256:08d27e3c5f93e681,2026-07-10 17:40:38
AB-2-01581,248.35,2026-01-11 13:00:00,fundraising_2026,sha256:ae9cbfb895bc9132,2026-07-10 17:40:38
AB-2-01582,10.21,2026-02-01 13:00:00,volunteer_drive,sha256:15e30c4993619093,2026-07-10 17:40:38
AB-2-01583,9.54,2026-02-27 20:00:00,volunteer_drive,sha256:20ed7b14aa9975f3,2026-07-10 17:40:38
AB-2-01584,46.68,2026-02-16 12:00:00,volunteer_drive,sha256:3ce3356c5dda5a81,2026-07-10 17:40:38
AB-2-01585,52.6,2026-03-20 23:00:00,volunteer_drive,sha256:b856120574cc0dc3,2026-07-10 17:40:38
AB-2-01586,5.26,2026-02-18 13:00:00,volunteer_drive,sha256:c4ef5d988dc98589,2026-07-10 17:40:38
AB-2-01587,233.78,2026-01-20 17:00:00,volunteer_drive,sha256:fad8b176f6014c4e,2026-07-10 17:40:38
AB-2-01588,50.62,2026-02-28 09:00:00,volunteer_drive,sha256:15a36a122cd54e55,2026-07-10 17:40:38
AB-2-01589,46.96,2026-01-18 22:00:00,fundraising_2026,sha256:05fa1101411b4903,2026-07-10 17:40:38
AB-2-01590,243.71,2026-03-06 23:00:00,volunteer_drive,sha256:0017faecb330736a,2026-07-10 17:40:38
AB-2-01591,24.42,2026-02-20 23:00:00,volunteer_drive,sha256:c2c41ba4f83ecefc,2026-07-10 17:40:38
AB-2-01592,53.85,2026-03-17 02:00:00,fundraising_2026,sha256:0ff58362f90aa0ee,2026-07-10 17:40:38
AB-2-01593,10.53,2026-03-14 05:00:00,volunteer_drive,sha256:abf971c5f000c0e9,2026-07-10 17:40:38
AB-2-01594,249.43,2026-02-14 16:00:00,small_dollar,sha256:7514415ee3e64ab2,2026-07-10 17:40:38
AB-2-01595,54.27,2026-01-08 20:00:00,small_dollar,sha256:97bf2d3f6dd60a3e,2026-07-10 17:40:38
AB-2-01596,25.65,2026-03-03 01:00:00,small_dollar,sha256:43ca3b07b87c8db2,2026-07-10 17:40:38
AB-2-01597,9.52,2026-03-27 20:00:00,volunteer_drive,sha256:9b5dbbf1995f5aae,2026-07-10 17:40:38
AB-2-01598,10.2,2026-01-19 08:00:00,small_dollar,sha256:12966dd7a74e5329,2026-07-10 17:40:38
AB-2-01599,5.14,2026-01-02 03:00:00,volunteer_drive,sha256:d17fcd6518fdc0b4,2026-07-10 17:40:38
AB-2-01600,108.2,2026-03-17 02:00:00,volunteer_drive,sha256:676a732aaf776ad4,2026-07-10 17:40:38
AB-2-01601,240.11,2026-02-24 08:00:00,small_dollar,sha256:d48a92a8668dfbe2,2026-07-10 17:40:38
AB-2-01602,26.17,2026-02-18 18:00:00,small_dollar,sha256:f12c92dee868c016,2026-07-10 17:40:38
AB-2-01603,105.53,2026-01-14 20:00:00,volunteer_drive,sha256:733f71d0e3de8824,2026-07-10 17:40:38
AB-2-01604,10.86,2026-02-04 23:00:00,volunteer_drive,sha256:e340f2b212aadf4e,2026-07-10 17:40:38
AB-2-01605,45.02,2026-01-01 05:00:00,fundraising_2026,sha256:171014c6d3cf41b2,2026-07-10 17:40:38
AB-2-01606,51.55,2026-02-23 16:00:00,small_dollar,sha256:71b6526ec7afae2b,2026-07-10 17:40:38
AB-2-01607,10.41,2026-01-23 11:00:00,fundraising_2026,sha256:7d61897c6086962e,2026-07-10 17:40:38
AB-2-01608,50.67,2026-03-06 03:00:00,fundraising_2026,sha256:9df9852f1ddc7033,2026-07-10 17:40:38
AB-2-01609,10.62,2026-01-08 23:00:00,fundraising_2026,sha256:18e36442216ca2fb,2026-07-10 17:40:38
AB-2-01610,270.65,2026-02-22 14:00:00,fundraising_2026,sha256:bcf84cdeb950eda2,2026-07-10 17:40:38
AB-2-01611,22.93,2026-01-22 02:00:00,fundraising_2026,sha256:4de3d946cb807310,2026-07-10 17:40:38
AB-2-01612,94.7,2026-02-13 00:00:00,volunteer_drive,sha256:e3eb3cac7d54b2c2,2026-07-10 17:40:38
AB-2-01613,4.77,2026-01-13 00:00:00,fundraising_2026,sha256:858f52aa03251b95,2026-07-10 17:40:38
AB-2-01614,10.04,2026-01-06 03:00:00,fundraising_2026,sha256:56a22b606e375d9a,2026-07-10 17:40:38
AB-2-01615,49.73,2026-03-08 08:00:00,volunteer_drive,sha256:0f18b89a3cacf06d,2026-07-10 17:40:38
AB-2-01616,269.51,2026-02-13 11:00:00,volunteer_drive,sha256:c8e51cd10e3b563d,2026-07-10 17:40:38
AB-2-01617,48.78,2026-02-16 21:00:00,fundraising_2026,sha256:ae97adf954bb245b,2026-07-10 17:40:38
AB-2-01618,4.96,2026-02-12 03:00:00,small_dollar,sha256:97e9dc66ba07a8b9,2026-07-10 17:40:38
AB-2-01619,92.46,2026-01-18 00:00:00,small_dollar,sha256:002f8b4794cb78f3,2026-07-10 17:40:38
AB-2-01620,24.76,2026-03-31 07:00:00,small_dollar,sha256:b11aaca8c0b0aede,2026-07-10 17:40:38
AB-2-01621,51.6,2026-03-02 16:00:00,fundraising_2026,sha256:7b6276fcd3c458a3,2026-07-10 17:40:38
AB-2-01622,243.01,2026-02-11 00:00:00,fundraising_2026,sha256:e28b37f8d71bbcce,2026-07-10 17:40:38
AB-2-01623,47.34,2026-02-11 21:00:00,volunteer_drive,sha256:de397166c3833cbd,2026-07-10 17:40:38
AB-2-01624,24.64,2026-03-20 02:00:00,volunteer_drive,sha256:ae9ba3fcafe788a8,2026-07-10 17:40:38
AB-2-01625,244.24,2026-03-31 03:00:00,small_dollar,sha256:2190f03149d441b6,2026-07-10 17:40:38
AB-2-01626,105.7,2026-01-19 16:00:00,small_dollar,sha256:98dd2f814e7d2008,2026-07-10 17:40:38
AB-2-01627,4.8,2026-01-17 15:00:00,small_dollar,sha256:c2d30dff39a97a8c,2026-07-10 17:40:38
AB-2-01628,54.55,2026-03-01 05:00:00,volunteer_drive,sha256:cde9a2a95036698a,2026-07-10 17:40:38
AB-2-01629,9.34,2026-01-31 07:00:00,small_dollar,sha256:813c2db3e500e516,2026-07-10 17:40:38
AB-2-01630,226.46,2026-01-14 13:00:00,volunteer_drive,sha256:30f913e76f632c62,2026-07-10 17:40:38
AB-2-01631,237.88,2026-02-05 07:00:00,volunteer_drive,sha256:13c295f3fc45c3e5,2026-07-10 17:40:38
AB-2-01632,231.79,2026-03-27 03:00:00,small_dollar,sha256:d23630a225c2b4b9,2026-07-10 17:40:38
AB-2-01633,241.64,2026-03-04 02:00:00,fundraising_2026,sha256:902189ee0de87293,2026-07-10 17:40:38
AB-2-01634,242.16,2026-03-18 02:00:00,small_dollar,sha256:802333bea7a86abc,2026-07-10 17:40:38
AB-2-01635,264.25,2026-02-18 20:00:00,volunteer_drive,sha256:146af6ce0cf8bd3b,2026-07-10 17:40:38
AB-2-01636,4.79,2026-01-29 08:00:00,fundraising_2026,sha256:68d7d116e4d31957,2026-07-10 17:40:38
AB-2-01637,272.1,2026-03-17 06:00:00,small_dollar,sha256:8e03245e486e9e20,2026-07-10 17:40:38
AB-2-01638,104.74,2026-02-10 12:00:00,volunteer_drive,sha256:f2b0d70f7a280e97,2026-07-10 17:40:38
AB-2-01639,54.8,2026-03-10 06:00:00,volunteer_drive,sha256:5baa72c5db33725d,2026-07-10 17:40:38
AB-2-01640,103.27,2026-03-28 04:00:00,small_dollar,sha256:f144de381037491b,2026-07-10 17:40:38
AB-2-01641,107.05,2026-02-20 00:00:00,volunteer_drive,sha256:5a1c0b259912efd0,2026-07-10 17:40:38
AB-2-01642,51.8,2026-02-07 07:00:00,fundraising_2026,sha256:38a3f999a46e8c48,2026-07-10 17:40:38
AB-2-01643,267.46,2026-01-19 23:00:00,small_dollar,sha256:60c2ca0858385099,2026-07-10 17:40:38
AB-2-01644,109.81,2026-02-10 09:00:00,fundraising_2026,sha256:5ffc0046467831ff,2026-07-10 17:40:38
AB-2-01645,266.43,2026-03-15 15:00:00,volunteer_drive,sha256:5c6c9f4ade8c42b4,2026-07-10 17:40:38
AB-2-01646,23.26,2026-02-18 01:00:00,small_dollar,sha256:3ebdea35b61c1bd9,2026-07-10 17:40:38
AB-2-01647,227.63,2026-01-29 22:00:00,fundraising_2026,sha256:f5da55dbc61acd7c,2026-07-10 17:40:38
AB-2-01648,270.62,2026-02-20 09:00:00,fundraising_2026,sha256:a651b6fd72568505,2026-07-10 17:40:38
AB-2-01649,24.61,2026-03-12 12:00:00,volunteer_drive,sha256:f83c85fd7ba82a59,2026-07-10 17:40:38
AB-2-01650,5.03,2026-02-20 12:00:00,volunteer_drive,sha256:2c034948d9b745b2,2026-07-10 17:40:38
AB-2-01651,97.88,2026-01-25 22:00:00,fundraising_2026,sha256:698fcb52328994c0,2026-07-10 17:40:38
AB-2-01652,240.2,2026-03-16 01:00:00,small_dollar,sha256:76e1e7298796c093,2026-07-10 17:40:38
AB-2-01653,249.12,2026-01-18 14:00:00,fundraising_2026,sha256:543fb335b3cad737,2026-07-10 17:40:38
AB-2-01654,225.46,2026-01-26 23:00:00,small_dollar,sha256:79132cdbe2e65f93,2026-07-10 17:40:38
AB-2-01655,9.75,2026-01-14 21:00:00,volunteer_drive,sha256:e01ff0ad330977d7,2026-07-10 17:40:38
AB-2-01656,4.86,2026-01-22 01:00:00,volunteer_drive,sha256:9c6bfc2d63a9eff1,2026-07-10 17:40:38
AB-2-01657,103.0,2026-01-07 03:00:00,small_dollar,sha256:efeb0e6ff20640f8,2026-07-10 17:40:38
AB-2-01658,245.2,2026-01-20 20:00:00,fundraising_2026,sha256:efd7691e7ab3a83d,2026-07-10 17:40:38
AB-2-01659,25.94,2026-02-20 15:00:00,fundraising_2026,sha256:a6b31da75c71c5be,2026-07-10 17:40:38
AB-2-01660,257.93,2026-02-18 22:00:00,volunteer_drive,sha256:6bcf69ddd13c75d1,2026-07-10 17:40:38
AB-2-01661,25.66,2026-03-25 12:00:00,volunteer_drive,sha256:49e2085e4460f802,2026-07-10 17:40:38
AB-2-01662,4.62,2026-01-16 03:00:00,small_dollar,sha256:5af735ab250b92e8,2026-07-10 17:40:38
AB-2-01663,5.09,2026-03-07 07:00:00,small_dollar,sha256:a667c07a24d41246,2026-07-10 17:40:38
AB-2-01664,5.29,2026-03-30 23:00:00,fundraising_2026,sha256:d7314b62f5f8f37b,2026-07-10 17:40:38
AB-2-01665,47.98,2026-03-24 22:00:00,fundraising_2026,sha256:71fb7419cf344253,2026-07-10 17:40:38
AB-2-01666,93.7,2026-01-09 22:00:00,small_dollar,sha256:61190e05b9d9cf64,2026-07-10 17:40:38
AB-2-01667,99.77,2026-03-13 17:00:00,small_dollar,sha256:b5104fd68a4fb095,2026-07-10 17:40:38
AB-2-01668,231.2,2026-03-10 22:00:00,fundraising_2026,sha256:7edf36f7c4da98a8,2026-07-10 17:40:38
AB-2-01669,103.9,2026-01-16 05:00:00,fundraising_2026,sha256:f03e028e84da7d72,2026-07-10 17:40:38
AB-2-01670,4.63,2026-02-10 03:00:00,fundraising_2026,sha256:ab7213a770134529,2026-07-10 17:40:38
AB-2-01671,26.76,2026-01-12 17:00:00,fundraising_2026,sha256:b405a9150497dcfa,2026-07-10 17:40:38
AB-2-01672,24.32,2026-01-16 16:00:00,small_dollar,sha256:ff2fee2b74174d6c,2026-07-10 17:40:38
AB-2-01673,9.6,2026-03-26 00:00:00,small_dollar,sha256:eb2495e75cb365c8,2026-07-10 17:40:38
AB-2-01674,98.9,2026-02-07 21:00:00,small_dollar,sha256:2ba98d7de52bf2b1,2026-07-10 17:40:38
AB-2-01675,25.53,2026-02-10 16:00:00,small_dollar,sha256:ae0ab8357e331cb0,2026-07-10 17:40:38
AB-2-01676,4.74,2026-01-13 21:00:00,fundraising_2026,sha256:644f44247bbeb94c,2026-07-10 17:40:38
AB-2-01677,101.04,2026-01-28 04:00:00,small_dollar,sha256:c7b1eb5bf7670347,2026-07-10 17:40:38
AB-2-01678,98.44,2026-01-17 23:00:00,small_dollar,sha256:bc8a4541638fbb42,2026-07-10 17:40:38
AB-2-01679,9.8,2026-02-18 20:00:00,fundraising_2026,sha256:3d83daf181e61141,2026-07-10 17:40:38
AB-2-01680,232.16,2026-03-28 13:00:00,fundraising_2026,sha256:87171012ae612ba1,2026-07-10 17:40:38
AB-2-01681,257.28,2026-02-04 20:00:00,small_dollar,sha256:16b7445f37da4a90,2026-07-10 17:40:38
AB-2-01682,102.1,2026-03-26 20:00:00,volunteer_drive,sha256:874452d29e364b27,2026-07-10 17:40:38
AB-2-01683,45.26,2026-02-10 13:00:00,small_dollar,sha256:2a025c3fe6a6d813,2026-07-10 17:40:38
AB-2-01684,92.2,2026-02-04 03:00:00,small_dollar,sha256:28d1226876b6e210,2026-07-10 17:40:38
AB-2-01685,4.86,2026-02-12 20:00:00,volunteer_drive,sha256:6ea82fc7a4e8f345,2026-07-10 17:40:38
AB-2-01686,22.55,2026-01-19 07:00:00,volunteer_drive,sha256:ef8abffa198a01f8,2026-07-10 17:40:38
AB-2-01687,5.28,2026-01-29 12:00:00,fundraising_2026,sha256:3fbbfc2c161cc786,2026-07-10 17:40:38
AB-2-01688,45.96,2026-02-09 18:00:00,volunteer_drive,sha256:dc0d51b380f37892,2026-07-10 17:40:38
AB-2-01689,25.54,2026-02-06 17:00:00,fundraising_2026,sha256:4e1ab62b12366851,2026-07-10 17:40:38
AB-2-01690,26.53,2026-02-19 05:00:00,small_dollar,sha256:c4ddcef77b59ebc9,2026-07-10 17:40:38
AB-2-01691,107.64,2026-03-10 17:00:00,volunteer_drive,sha256:909e137af6a2a197,2026-07-10 17:40:38
AB-2-01692,5.19,2026-01-17 08:00:00,small_dollar,sha256:ce46ce27740b56a8,2026-07-10 17:40:38
AB-2-01693,50.68,2026-01-17 04:00:00,volunteer_drive,sha256:3389880ddcfd1eeb,2026-07-10 17:40:38
AB-2-01694,263.88,2026-03-23 11:00:00,small_dollar,sha256:80f5d39baa05126b,2026-07-10 17:40:38
AB-2-01695,54.86,2026-02-28 05:00:00,volunteer_drive,sha256:9b1892806a036d49,2026-07-10 17:40:38
AB-2-01696,108.83,2026-02-05 13:00:00,fundraising_2026,sha256:77c3204eccfdb8a2,2026-07-10 17:40:38
AB-2-01697,52.71,2026-01-12 09:00:00,fundraising_2026,sha256:da2b7aa21d775814,2026-07-10 17:40:38
AB-2-01698,10.89,2026-01-10 23:00:00,fundraising_2026,sha256:86f447938f85b20e,2026-07-10 17:40:38
AB-2-01699,25.27,2026-01-11 23:00:00,volunteer_drive,sha256:c9d2efce8e98d5df,2026-07-10 17:40:38
AB-2-01700,250.43,2026-01-02 13:00:00,small_dollar,sha256:70f8ec2276bbca7a,2026-07-10 17:40:38
AB-2-01701,274.9,2026-03-05 16:00:00,small_dollar,sha256:5664a8b2afc9eb1f,2026-07-10 17:40:38
AB-2-01702,93.8,2026-02-21 00:00:00,small_dollar,sha256:28c6dd01ca31d3b6,2026-07-10 17:40:38
AB-2-01703,104.99,2026-02-24 22:00:00,fundraising_2026,sha256:4c5485feffff2dbd,2026-07-10 17:40:38
AB-2-01704,255.46,2026-03-26 16:00:00,small_dollar,sha256:21dcda729221f3f6,2026-07-10 17:40:38
AB-2-01705,108.08,2026-01-22 21:00:00,fundraising_2026,sha256:5e383b13c10cf75d,2026-07-10 17:40:38
AB-2-01706,27.26,2026-01-18 16:00:00,volunteer_drive,sha256:6b9ad97ede5a0c61,2026-07-10 17:40:38
AB-2-01707,4.84,2026-01-22 11:00:00,small_dollar,sha256:139df03f9505ecd4,2026-07-10 17:40:38
AB-2-01708,24.0,2026-03-11 03:00:00,volunteer_drive,sha256:32b5c643687d8b36,2026-07-10 17:40:38
AB-2-01709,253.44,2026-01-01 23:00:00,fundraising_2026,sha256:006c4dec81ab084e,2026-07-10 17:40:38
AB-2-01710,5.44,2026-03-24 16:00:00,small_dollar,sha256:19952dd9e307ff7c,2026-07-10 17:40:38
AB-2-01711,5.12,2026-01-08 11:00:00,volunteer_drive,sha256:43b5604c15b7985a,2026-07-10 17:40:38
AB-2-01712,26.95,2026-01-14 00:00:00,fundraising_2026,sha256:30efed6676a1c25a,2026-07-10 17:40:38
AB-2-01713,49.92,2026-01-02 03:00:00,fundraising_2026,sha256:4adf72872f62aa83,2026-07-10 17:40:38
AB-2-01714,5.41,2026-01-20 13:00:00,fundraising_2026,sha256:ce64d727a484fac4,2026-07-10 17:40:38
AB-2-01715,9.94,2026-03-26 08:00:00,volunteer_drive,sha256:49f09d4c15974f5d,2026-07-10 17:40:38
AB-2-01716,106.23,2026-02-24 05:00:00,fundraising_2026,sha256:954d47fd5d424670,2026-07-10 17:40:38
AB-2-01717,9.28,2026-03-26 14:00:00,small_dollar,sha256:4303186f4ec77c01,2026-07-10 17:40:38
AB-2-01718,9.22,2026-02-15 22:00:00,volunteer_drive,sha256:cf3c4e0ac6df3822,2026-07-10 17:40:38
AB-2-01719,241.56,2026-02-20 13:00:00,fundraising_2026,sha256:673d0a292d668caa,2026-07-10 17:40:38
AB-2-01720,274.15,2026-01-26 15:00:00,fundraising_2026,sha256:2ae7cc6ba28c337d,2026-07-10 17:40:38
AB-2-01721,260.72,2026-03-12 15:00:00,volunteer_drive,sha256:806d47c0933dafc3,2026-07-10 17:40:38
AB-2-01722,271.18,2026-02-21 16:00:00,volunteer_drive,sha256:a896a4219f72171c,2026-07-10 17:40:38
AB-2-01723,9.31,2026-01-14 00:00:00,small_dollar,sha256:607f7e03005773c4,2026-07-10 17:40:38
AB-2-01724,5.18,2026-03-29 07:00:00,volunteer_drive,sha256:4587fe6d04e0f7f9,2026-07-10 17:40:38
AB-2-01725,4.93,2026-03-18 23:00:00,volunteer_drive,sha256:72ca3f48fbdb657c,2026-07-10 17:40:38
AB-2-01726,10.24,2026-01-11 13:00:00,small_dollar,sha256:399de0829a12d62f,2026-07-10 17:40:38
AB-2-01727,5.36,2026-02-01 08:00:00,small_dollar,sha256:ae9d523fd4a194aa,2026-07-10 17:40:38
AB-2-01728,52.06,2026-02-24 06:00:00,fundraising_2026,sha256:413c7eb31a36ffba,2026-07-10 17:40:38
AB-2-01729,9.38,2026-03-06 19:00:00,small_dollar,sha256:c81b00a1f6186da2,2026-07-10 17:40:38
AB-2-01730,4.63,2026-01-20 07:00:00,fundraising_2026,sha256:c3cb1b4696c68afd,2026-07-10 17:40:38
AB-2-01731,45.18,2026-01-25 04:00:00,fundraising_2026,sha256:5c8b4717910c46dd,2026-07-10 17:40:38
AB-2-01732,50.25,2026-01-07 12:00:00,small_dollar,sha256:319a20a2d36de9fa,2026-07-10 17:40:38
AB-2-01733,24.63,2026-01-30 07:00:00,fundraising_2026,sha256:406d868201a5546d,2026-07-10 17:40:38
AB-2-01734,23.05,2026-03-24 01:00:00,volunteer_drive,sha256:9183d247b85d68f1,2026-07-10 17:40:38
AB-2-01735,47.47,2026-02-14 22:00:00,fundraising_2026,sha256:5146872eccb5770a,2026-07-10 17:40:38
AB-2-01736,262.24,2026-01-01 01:00:00,fundraising_2026,sha256:6c880a49d6cdd878,2026-07-10 17:40:38
AB-2-01737,4.93,2026-02-05 19:00:00,volunteer_drive,sha256:daa2c5f22bf1c47d,2026-07-10 17:40:38
AB-2-01738,23.06,2026-02-16 10:00:00,small_dollar,sha256:47537f03cc90d6ae,2026-07-10 17:40:38
AB-2-01739,24.3,2026-03-12 04:00:00,volunteer_drive,sha256:e9ca30be36fb5fc7,2026-07-10 17:40:38
AB-2-01740,97.43,2026-03-17 16:00:00,small_dollar,sha256:8875a44608bec435,2026-07-10 17:40:38
AB-2-01741,5.39,2026-03-16 12:00:00,fundraising_2026,sha256:1cc12aa1c9351abe,2026-07-10 17:40:38
AB-2-01742,5.09,2026-03-19 03:00:00,small_dollar,sha256:e4b941d1a941c030,2026-07-10 17:40:38
AB-2-01743,54.26,2026-01-25 22:00:00,fundraising_2026,sha256:00fc1af1509aec8b,2026-07-10 17:40:38
AB-2-01744,26.13,2026-03-21 10:00:00,fundraising_2026,sha256:4a3a9788025984b8,2026-07-10 17:40:38
AB-2-01745,9.38,2026-01-20 01:00:00,small_dollar,sha256:629f2bb6f782a540,2026-07-10 17:40:38
AB-2-01746,24.74,2026-03-13 11:00:00,small_dollar,sha256:9bd20f1e61692de9,2026-07-10 17:40:38
AB-2-01747,49.19,2026-02-25 02:00:00,small_dollar,sha256:6e7377caf6979905,2026-07-10 17:40:38
AB-2-01748,25.98,2026-01-22 19:00:00,fundraising_2026,sha256:59eb264a4f4ca20b,2026-07-10 17:40:38
AB-2-01749,234.51,2026-03-14 01:00:00,volunteer_drive,sha256:6404ba7ec01f48af,2026-07-10 17:40:38
AB-2-01750,4.67,2026-03-10 16:00:00,small_dollar,sha256:9cae576245e8ff8f,2026-07-10 17:40:38
AB-2-01751,95.43,2026-02-19 12:00:00,fundraising_2026,sha256:25f7eb00c2f5f528,2026-07-10 17:40:38
AB-2-01752,103.93,2026-03-15 06:00:00,small_dollar,sha256:d9c797746333fa80,2026-07-10 17:40:38
AB-2-01753,26.76,2026-03-09 08:00:00,volunteer_drive,sha256:2b2e50b54f60bd44,2026-07-10 17:40:38
AB-2-01754,9.45,2026-03-12 03:00:00,small_dollar,sha256:42c6fb3c0f3eb64a,2026-07-10 17:40:38
AB-2-01755,10.88,2026-01-06 20:00:00,volunteer_drive,sha256:491f60edd3690a22,2026-07-10 17:40:38
AB-2-01756,274.0,2026-02-04 01:00:00,fundraising_2026,sha256:9236db883c4abe1d,2026-07-10 17:40:38
AB-2-01757,25.66,2026-01-01 20:00:00,volunteer_drive,sha256:b57c1653b49e4f15,2026-07-10 17:40:38
AB-2-01758,231.68,2026-03-12 08:00:00,small_dollar,sha256:df427e4bd8491b53,2026-07-10 17:40:38
AB-2-01759,5.32,2026-01-08 20:00:00,fundraising_2026,sha256:fa8400bbae2519f7,2026-07-10 17:40:38
AB-2-01760,27.36,2026-02-05 05:00:00,small_dollar,sha256:23f745a8fb2b90fa,2026-07-10 17:40:38
AB-2-01761,262.29,2026-03-16 03:00:00,volunteer_drive,sha256:0d8816f2800e61a7,2026-07-10 17:40:38
AB-2-01762,255.22,2026-02-02 20:00:00,fundraising_2026,sha256:13e31cd166073371,2026-07-10 17:40:38
AB-2-01763,23.52,2026-01-29 10:00:00,small_dollar,sha256:4296c7cea364b4db,2026-07-10 17:40:38
AB-2-01764,47.32,2026-02-20 04:00:00,small_dollar,sha256:c64d146f0c315f5e,2026-07-10 17:40:38
AB-2-01765,5.0,2026-01-19 15:00:00,volunteer_drive,sha256:13ff5d2f9f07cbd0,2026-07-10 17:40:38
AB-2-01766,99.81,2026-01-23 06:00:00,small_dollar,sha256:27212f2eaec5c6a5,2026-07-10 17:40:38
AB-2-01767,23.31,2026-02-06 00:00:00,fundraising_2026,sha256:bfa047d1d31dea64,2026-07-10 17:40:38
AB-2-01768,9.14,2026-03-29 19:00:00,fundraising_2026,sha256:8939286d8ef4c83e,2026-07-10 17:40:38
AB-2-01769,46.0,2026-02-28 20:00:00,small_dollar,sha256:b48525231f3f0dba,2026-07-10 17:40:38
AB-2-01770,4.88,2026-01-02 19:00:00,fundraising_2026,sha256:8f492b1c6c9599d3,2026-07-10 17:40:38
AB-2-01771,4.63,2026-01-02 20:00:00,fundraising_2026,sha256:9522854458c48324,2026-07-10 17:40:38
AB-2-01772,5.29,2026-03-22 19:00:00,fundraising_2026,sha256:df6e26f58546aaca,2026-07-10 17:40:38
AB-2-01773,265.91,2026-01-14 17:00:00,small_dollar,sha256:6547c015ef59cb33,2026-07-10 17:40:38
AB-2-01774,107.85,2026-01-18 15:00:00,fundraising_2026,sha256:66c8b04e70fbed54,2026-07-10 17:40:38
AB-2-01775,9.11,2026-03-03 04:00:00,small_dollar,sha256:c0097844bde9a2a0,2026-07-10 17:40:38
AB-2-01776,5.32,2026-03-11 03:00:00,fundraising_2026,sha256:25aa6d8bc60df74b,2026-07-10 17:40:38
AB-2-01777,46.42,2026-01-14 16:00:00,fundraising_2026,sha256:dfeb2406d961073a,2026-07-10 17:40:38
AB-2-01778,9.71,2026-02-24 12:00:00,volunteer_drive,sha256:2b8fd33999eff3eb,2026-07-10 17:40:38
AB-2-01779,269.21,2026-03-29 12:00:00,fundraising_2026,sha256:1af4e77de338682b,2026-07-10 17:40:38
AB-2-01780,5.46,2026-01-15 07:00:00,volunteer_drive,sha256:ed87785bdabc8713,2026-07-10 17:40:38
AB-2-01781,4.86,2026-03-20 10:00:00,fundraising_2026,sha256:1b2845e53cc7180b,2026-07-10 17:40:38
AB-2-01782,9.86,2026-03-19 04:00:00,volunteer_drive,sha256:68238099e8f76d2e,2026-07-10 17:40:38
AB-2-01783,10.79,2026-03-28 13:00:00,small_dollar,sha256:7848334d7a28f09f,2026-07-10 17:40:38
AB-2-01784,4.77,2026-02-06 11:00:00,volunteer_drive,sha256:e13f67a913287e5e,2026-07-10 17:40:38
AB-2-01785,5.29,2026-02-03 22:00:00,fundraising_2026,sha256:c2da1cc74e0ee6a7,2026-07-10 17:40:38
AB-2-01786,9.78,2026-01-19 10:00:00,small_dollar,sha256:f068fecb698c19c9,2026-07-10 17:40:38
AB-2-01787,5.08,2026-03-03 02:00:00,small_dollar,sha256:74364a4757f30825,2026-07-10 17:40:38
AB-2-01788,9.36,2026-01-12 10:00:00,volunteer_drive,sha256:4391445ac1adbe51,2026-07-10 17:40:38
AB-2-01789,51.93,2026-03-05 13:00:00,volunteer_drive,sha256:3dd60b9a8deb22cb,2026-07-10 17:40:38
AB-2-01790,10.6,2026-03-23 10:00:00,small_dollar,sha256:804ceeebbed5f33e,2026-07-10 17:40:38
AB-2-01791,99.94,2026-02-19 13:00:00,small_dollar,sha256:34201b7e9d3e5088,2026-07-10 17:40:38
AB-2-01792,45.84,2026-03-10 07:00:00,small_dollar,sha256:89c1fd6bf4ede586,2026-07-10 17:40:38
AB-2-01793,235.97,2026-03-15 22:00:00,fundraising_2026,sha256:e29c353c57fd985c,2026-07-10 17:40:38
AB-2-01794,4.86,2026-01-01 06:00:00,volunteer_drive,sha256:a24e26f52a213322,2026-07-10 17:40:38
AB-2-01795,24.3,2026-01-15 01:00:00,fundraising_2026,sha256:1f48714b7d03dc75,2026-07-10 17:40:38
AB-2-01796,47.42,2026-01-19 17:00:00,fundraising_2026,sha256:4e364d0e81163bbf,2026-07-10 17:40:38
AB-2-01797,260.2,2026-01-18 03:00:00,volunteer_drive,sha256:0e3babbb4aabbe06,2026-07-10 17:40:38
AB-2-01798,22.77,2026-03-31 13:00:00,fundraising_2026,sha256:f7cea9a99d33e494,2026-07-10 17:40:38
AB-2-01799,107.41,2026-01-10 15:00:00,fundraising_2026,sha256:6c5d9a253ba5805d,2026-07-10 17:40:38
AB-2-01800,9.15,2026-01-19 02:00:00,small_dollar,sha256:28dfc0d497614fd0,2026-07-10 17:40:38
AB-2-01801,9.94,2026-02-23 04:00:00,fundraising_2026,sha256:d4f283bf24f70687,2026-07-10 17:40:38
AB-2-01802,49.12,2026-03-31 09:00:00,volunteer_drive,sha256:8941a871b4a009c8,2026-07-10 17:40:38
AB-2-01803,4.79,2026-03-24 22:00:00,fundraising_2026,sha256:5a365c0fa98393e1,2026-07-10 17:40:38
AB-2-01804,105.02,2026-03-24 01:00:00,small_dollar,sha256:519e0c29b637c802,2026-07-10 17:40:38
AB-2-01805,272.41,2026-02-20 13:00:00,volunteer_drive,sha256:9429dd8dedc01eb6,2026-07-10 17:40:38
AB-2-01806,96.12,2026-02-03 18:00:00,fundraising_2026,sha256:65a7756cd88573ee,2026-07-10 17:40:38
AB-2-01807,5.02,2026-01-21 08:00:00,fundraising_2026,sha256:02143ebe32bc3c36,2026-07-10 17:40:38
AB-2-01808,4.72,2026-02-21 19:00:00,fundraising_2026,sha256:65af8fd29493f9be,2026-07-10 17:40:38
AB-2-01809,5.32,2026-03-13 19:00:00,volunteer_drive,sha256:d6f3377a81322d50,2026-07-10 17:40:38
AB-2-01810,53.27,2026-03-25 20:00:00,fundraising_2026,sha256:33f6fe0d51a4a7cd,2026-07-10 17:40:38
AB-2-01811,46.95,2026-02-17 20:00:00,fundraising_2026,sha256:62f6b91a5843eb13,2026-07-10 17:40:38
AB-2-01812,22.64,2026-02-16 19:00:00,volunteer_drive,sha256:7eaaaa29e931a48a,2026-07-10 17:40:38
AB-2-01813,10.19,2026-01-14 02:00:00,volunteer_drive,sha256:68fa0f307fa53b8d,2026-07-10 17:40:38
AB-2-01814,4.74,2026-01-26 20:00:00,fundraising_2026,sha256:899806faf490f391,2026-07-10 17:40:38
AB-2-01815,109.73,2026-03-14 01:00:00,volunteer_drive,sha256:84b9b10bdfee4c0c,2026-07-10 17:40:38
AB-2-01816,22.54,2026-02-10 02:00:00,volunteer_drive,sha256:29106ec04b824b48,2026-07-10 17:40:38
AB-2-01817,9.63,2026-02-20 16:00:00,volunteer_drive,sha256:6bb2c6b91627185b,2026-07-10 17:40:38
AB-2-01818,229.87,2026-01-17 22:00:00,volunteer_drive,sha256:bcc181e559c1cfbd,2026-07-10 17:40:38
AB-2-01819,106.15,2026-03-06 03:00:00,fundraising_2026,sha256:843d100640225196,2026-07-10 17:40:38
AB-2-01820,107.38,2026-02-18 15:00:00,fundraising_2026,sha256:9843454a3ae94529,2026-07-10 17:40:38
AB-2-01821,45.79,2026-01-20 21:00:00,small_dollar,sha256:f6e8e11758e6ebf3,2026-07-10 17:40:38
AB-2-01822,257.71,2026-01-30 06:00:00,small_dollar,sha256:be603a294d8d50fe,2026-07-10 17:40:38
AB-2-01823,255.44,2026-03-06 16:00:00,small_dollar,sha256:b05e23eed857c5c4,2026-07-10 17:40:38
AB-2-01824,9.68,2026-02-13 14:00:00,volunteer_drive,sha256:bdc79b9fd4b41fdb,2026-07-10 17:40:38
AB-2-01825,263.71,2026-02-25 01:00:00,volunteer_drive,sha256:bf5a363dee447535,2026-07-10 17:40:38
AB-2-01826,5.46,2026-03-20 19:00:00,small_dollar,sha256:65d2b6a0954b91fe,2026-07-10 17:40:38
AB-2-01827,4.64,2026-03-05 03:00:00,volunteer_drive,sha256:a41b118ccaaf16de,2026-07-10 17:40:38
AB-2-01828,4.95,2026-01-12 15:00:00,fundraising_2026,sha256:cf4a1eef4afaac4b,2026-07-10 17:40:38
AB-2-01829,25.38,2026-01-21 02:00:00,volunteer_drive,sha256:54bad7162ed53512,2026-07-10 17:40:38
AB-2-01830,47.58,2026-01-23 22:00:00,volunteer_drive,sha256:61e97dfa89f08a41,2026-07-10 17:40:38
AB-2-01831,10.88,2026-02-26 20:00:00,small_dollar,sha256:b08afe7c56be220a,2026-07-10 17:40:38
AB-2-01832,49.09,2026-02-16 09:00:00,small_dollar,sha256:ccb1c9eaf2cd3aae,2026-07-10 17:40:38
AB-2-01833,25.06,2026-01-17 14:00:00,small_dollar,sha256:f237b9f3c8104b50,2026-07-10 17:40:38
AB-2-01834,245.66,2026-02-17 02:00:00,volunteer_drive,sha256:87a84843e8d99de0,2026-07-10 17:40:38
AB-2-01835,109.55,2026-03-29 01:00:00,fundraising_2026,sha256:11f7b4bdfc2564ca,2026-07-10 17:40:38
AB-2-01836,90.16,2026-02-01 22:00:00,fundraising_2026,sha256:adbb684aafd93560,2026-07-10 17:40:38
AB-2-01837,53.54,2026-01-21 18:00:00,fundraising_2026,sha256:0995626360e0c8df,2026-07-10 17:40:38
AB-2-01838,4.85,2026-03-01 21:00:00,volunteer_drive,sha256:e2dc79a49058fd88,2026-07-10 17:40:38
AB-2-01839,4.68,2026-03-01 03:00:00,fundraising_2026,sha256:69aedeea70f2a4f5,2026-07-10 17:40:38
AB-2-01840,9.8,2026-02-20 13:00:00,fundraising_2026,sha256:a1943951b311a957,2026-07-10 17:40:38
AB-2-01841,10.4,2026-03-19 15:00:00,volunteer_drive,sha256:417f441d8f964347,2026-07-10 17:40:38
AB-2-01842,93.11,2026-02-28 01:00:00,volunteer_drive,sha256:7b6440259238e5a3,2026-07-10 17:40:38
AB-2-01843,90.63,2026-01-28 10:00:00,small_dollar,sha256:4b5532c6bd585a61,2026-07-10 17:40:38
AB-2-01844,54.79,2026-01-08 11:00:00,fundraising_2026,sha256:3b06d80dc1652436,2026-07-10 17:40:38
AB-2-01845,47.7,2026-01-03 21:00:00,small_dollar,sha256:0b42152d1a3d6615,2026-07-10 17:40:38
AB-2-01846,24.53,2026-01-19 02:00:00,volunteer_drive,sha256:cfc6afdfba2d53b6,2026-07-10 17:40:38
AB-2-01847,94.28,2026-02-27 13:00:00,volunteer_drive,sha256:32c11f2f91dd9ed4,2026-07-10 17:40:38
AB-2-01848,48.42,2026-01-07 02:00:00,volunteer_drive,sha256:7bda1e2a22ccd732,2026-07-10 17:40:38
AB-2-01849,49.75,2026-02-14 13:00:00,small_dollar,sha256:c8e0aac8b0ec2229,2026-07-10 17:40:38
AB-2-01850,27.06,2026-03-31 13:00:00,small_dollar,sha256:bc8b9e633828b1d2,2026-07-10 17:40:38
AB-2-01851,93.97,2026-01-02 17:00:00,small_dollar,sha256:ff96ffaaf5e01794,2026-07-10 17:40:38
AB-2-01852,25.82,2026-03-20 04:00:00,small_dollar,sha256:c6852abebe9842d3,2026-07-10 17:40:38
AB-2-01853,10.79,2026-02-10 00:00:00,fundraising_2026,sha256:c1abdb7f67da42dd,2026-07-10 17:40:38
AB-2-01854,245.32,2026-02-10 03:00:00,small_dollar,sha256:f5bce7b8fef7f000,2026-07-10 17:40:38
AB-2-01855,247.47,2026-02-27 04:00:00,small_dollar,sha256:9939f21817255709,2026-07-10 17:40:38
AB-2-01856,9.84,2026-01-28 23:00:00,small_dollar,sha256:470e3ec6d198852a,2026-07-10 17:40:38
AB-2-01857,9.7,2026-03-18 12:00:00,fundraising_2026,sha256:7a3fc4f8c41dfcad,2026-07-10 17:40:38
AB-2-01858,26.57,2026-03-15 00:00:00,fundraising_2026,sha256:803b4c4d2d2d8be5,2026-07-10 17:40:38
AB-2-01859,5.2,2026-02-09 16:00:00,small_dollar,sha256:f69ec1ff5c40bc74,2026-07-10 17:40:38
AB-2-01860,24.26,2026-02-22 13:00:00,small_dollar,sha256:e773046d1c75ee85,2026-07-10 17:40:38
AB-2-01861,9.92,2026-02-12 03:00:00,volunteer_drive,sha256:5800492d1542818d,2026-07-10 17:40:38
AB-2-01862,98.72,2026-03-18 05:00:00,volunteer_drive,sha256:60ec57d8a1e9dba8,2026-07-10 17:40:38
AB-2-01863,51.34,2026-03-30 21:00:00,small_dollar,sha256:5ffed09e97501af0,2026-07-10 17:40:38
AB-2-01864,4.59,2026-01-13 02:00:00,fundraising_2026,sha256:413dc39d7d1bb8ee,2026-07-10 17:40:38
AB-2-01865,52.5,2026-02-22 03:00:00,small_dollar,sha256:a2df5eeda7ab738b,2026-07-10 17:40:38
AB-2-01866,50.03,2026-01-13 20:00:00,fundraising_2026,sha256:3e0defaaa32d374a,2026-07-10 17:40:38
AB-2-01867,10.55,2026-02-23 06:00:00,small_dollar,sha256:a7728e61c8f14f1d,2026-07-10 17:40:38
AB-2-01868,4.85,2026-01-26 15:00:00,volunteer_drive,sha256:5e17b669344472e8,2026-07-10 17:40:38
AB-2-01869,244.79,2026-03-24 22:00:00,volunteer_drive,sha256:32003ec8bbe85339,2026-07-10 17:40:38
AB-2-01870,26.9,2026-03-06 09:00:00,volunteer_drive,sha256:888cb14e18e6a6d6,2026-07-10 17:40:38
AB-2-01871,9.01,2026-02-23 21:00:00,volunteer_drive,sha256:015d5d084dc7f903,2026-07-10 17:40:38
AB-2-01872,26.7,2026-01-04 04:00:00,small_dollar,sha256:18c6edd1a842c2bd,2026-07-10 17:40:38
AB-2-01873,23.35,2026-03-18 10:00:00,small_dollar,sha256:bc0c2afe27c5156e,2026-07-10 17:40:38
AB-2-01874,46.93,2026-01-31 17:00:00,small_dollar,sha256:a778b064bfd81bd4,2026-07-10 17:40:38
AB-2-01875,46.29,2026-01-07 18:00:00,small_dollar,sha256:5705f26398fa33fa,2026-07-10 17:40:38
AB-2-01876,25.09,2026-01-23 12:00:00,volunteer_drive,sha256:54d1203b5ff07d19,2026-07-10 17:40:38
AB-2-01877,5.13,2026-01-17 16:00:00,volunteer_drive,sha256:99dcd0d715b21dc3,2026-07-10 17:40:38
AB-2-01878,93.18,2026-03-22 08:00:00,volunteer_drive,sha256:cfc82934b385df17,2026-07-10 17:40:38
AB-2-01879,45.12,2026-01-12 00:00:00,small_dollar,sha256:b1312e27271a1f07,2026-07-10 17:40:38
AB-2-01880,108.41,2026-03-21 22:00:00,fundraising_2026,sha256:b7146192ca48e561,2026-07-10 17:40:38
AB-2-01881,231.53,2026-01-04 23:00:00,volunteer_drive,sha256:5a2d6ca2f019aaa1,2026-07-10 17:40:38
AB-2-01882,10.31,2026-02-15 05:00:00,fundraising_2026,sha256:161d034c8bc59e31,2026-07-10 17:40:38
AB-2-01883,264.0,2026-03-10 07:00:00,volunteer_drive,sha256:086238c590ccae42,2026-07-10 17:40:38
AB-2-01884,22.91,2026-03-26 01:00:00,fundraising_2026,sha256:00c79fa09f8eec05,2026-07-10 17:40:38
AB-2-01885,4.61,2026-03-23 18:00:00,small_dollar,sha256:6f3d681f3160691b,2026-07-10 17:40:38
AB-2-01886,26.97,2026-01-19 09:00:00,fundraising_2026,sha256:fe44cf13f8d7867e,2026-07-10 17:40:38
AB-2-01887,46.01,2026-02-16 06:00:00,fundraising_2026,sha256:7c33eb69e5dfd512,2026-07-10 17:40:38
AB-2-01888,4.71,2026-03-04 20:00:00,volunteer_drive,sha256:93ab1060f143c4e3,2026-07-10 17:40:38
AB-2-01889,53.09,2026-02-10 20:00:00,fundraising_2026,sha256:e2347b4cd28d9802,2026-07-10 17:40:38
AB-2-01890,102.62,2026-01-23 21:00:00,fundraising_2026,sha256:7549011e7f9fd5f9,2026-07-10 17:40:38
AB-2-01891,54.95,2026-02-13 11:00:00,small_dollar,sha256:984be68b45a24801,2026-07-10 17:40:38
AB-2-01892,237.73,2026-01-21 16:00:00,fundraising_2026,sha256:804e5e3176132a9b,2026-07-10 17:40:38
AB-2-01893,5.02,2026-01-04 17:00:00,fundraising_2026,sha256:57dd5f37a478ebdd,2026-07-10 17:40:38
AB-2-01894,9.06,2026-02-16 03:00:00,fundraising_2026,sha256:b443423839815c15,2026-07-10 17:40:38
AB-2-01895,23.87,2026-03-30 04:00:00,fundraising_2026,sha256:e0d606f4e7558b17,2026-07-10 17:40:38
AB-2-01896,103.04,2026-02-14 22:00:00,volunteer_drive,sha256:4010c5be90641bcf,2026-07-10 17:40:38
AB-2-01897,108.93,2026-03-05 13:00:00,fundraising_2026,sha256:dd1a06403613472c,2026-07-10 17:40:38
AB-2-01898,239.05,2026-01-26 21:00:00,volunteer_drive,sha256:ee4c571acbf86995,2026-07-10 17:40:38
AB-2-01899,10.59,2026-03-17 09:00:00,small_dollar,sha256:5b8be27cc3fff76e,2026-07-10 17:40:38
AB-2-01900,104.94,2026-02-27 13:00:00,volunteer_drive,sha256:ca17779f69fe881b,2026-07-10 17:40:38
AB-2-01901,47.0,2026-03-19 12:00:00,volunteer_drive,sha256:d7dfbb5fe56cdce5,2026-07-10 17:40:38
AB-2-01902,46.67,2026-03-22 02:00:00,fundraising_2026,sha256:b3df45f5ae47e882,2026-07-10 17:40:38
AB-2-01903,47.93,2026-02-02 18:00:00,small_dollar,sha256:59fa4bf345c213f7,2026-07-10 17:40:38
AB-2-01904,45.3,2026-03-09 11:00:00,fundraising_2026,sha256:be461dcf963b9b52,2026-07-10 17:40:38
AB-2-01905,23.73,2026-02-24 05:00:00,fundraising_2026,sha256:612d2ea80e21255f,2026-07-10 17:40:38
AB-2-01906,23.11,2026-02-17 04:00:00,volunteer_drive,sha256:83ee33b0d568ca02,2026-07-10 17:40:38
AB-2-01907,50.67,2026-02-12 06:00:00,volunteer_drive,sha256:dd1514e631de8e3b,2026-07-10 17:40:38
AB-2-01908,47.84,2026-03-13 02:00:00,fundraising_2026,sha256:83aafa86d7aeab37,2026-07-10 17:40:38
AB-2-01909,26.08,2026-01-14 17:00:00,small_dollar,sha256:b9ad27132048ee92,2026-07-10 17:40:38
AB-2-01910,262.81,2026-03-24 13:00:00,volunteer_drive,sha256:d29e3ad01f7af351,2026-07-10 17:40:38
AB-2-01911,5.3,2026-01-26 06:00:00,volunteer_drive,sha256:d58cfa0b25a981fd,2026-07-10 17:40:38
AB-2-01912,4.62,2026-02-05 13:00:00,fundraising_2026,sha256:765cf7996510ae53,2026-07-10 17:40:38
AB-2-01913,10.15,2026-03-17 12:00:00,volunteer_drive,sha256:68eb9004b055c7a4,2026-07-10 17:40:38
AB-2-01914,47.84,2026-03-15 00:00:00,volunteer_drive,sha256:755e7909701555e5,2026-07-10 17:40:38
AB-2-01915,4.84,2026-03-10 16:00:00,fundraising_2026,sha256:b2bec71143ee4a78,2026-07-10 17:40:38
AB-2-01916,240.05,2026-01-13 13:00:00,volunteer_drive,sha256:3afaf1c0d2f38758,2026-07-10 17:40:38
AB-2-01917,105.49,2026-02-21 02:00:00,volunteer_drive,sha256:d80bc19c1ef60c0c,2026-07-10 17:40:38
AB-2-01918,274.2,2026-02-20 09:00:00,volunteer_drive,sha256:b69642d911f11ea4,2026-07-10 17:40:38
AB-2-01919,92.05,2026-01-16 11:00:00,fundraising_2026,sha256:5cdd3e0c951e51d3,2026-07-10 17:40:38
AB-2-01920,5.49,2026-01-02 04:00:00,small_dollar,sha256:06ab68b9c0e2886f,2026-07-10 17:40:38
AB-2-01921,4.69,2026-01-29 05:00:00,volunteer_drive,sha256:d40cefd08a2e23e7,2026-07-10 17:40:38
AB-2-01922,268.4,2026-03-10 00:00:00,volunteer_drive,sha256:763721e2a317f2c8,2026-07-10 17:40:38
AB-2-01923,5.45,2026-01-06 03:00:00,fundraising_2026,sha256:129f834343e74e54,2026-07-10 17:40:38
AB-2-01924,47.7,2026-03-30 19:00:00,fundraising_2026,sha256:5585c3ec19754423,2026-07-10 17:40:38
AB-2-01925,4.63,2026-03-16 14:00:00,fundraising_2026,sha256:ffe3c6c035908995,2026-07-10 17:40:38
AB-2-01926,51.68,2026-02-22 20:00:00,small_dollar,sha256:72111087cbf1923d,2026-07-10 17:40:38
AB-2-01927,249.51,2026-03-15 15:00:00,volunteer_drive,sha256:79c86852ddfecbc5,2026-07-10 17:40:38
AB-2-01928,4.76,2026-03-03 07:00:00,volunteer_drive,sha256:0a171db677013215,2026-07-10 17:40:38
AB-2-01929,10.32,2026-02-15 17:00:00,small_dollar,sha256:67de19dbbe49b534,2026-07-10 17:40:38
AB-2-01930,5.47,2026-03-30 02:00:00,fundraising_2026,sha256:faca6436035d5c03,2026-07-10 17:40:38
AB-2-01931,53.19,2026-03-27 06:00:00,fundraising_2026,sha256:2f57d67c9ac9c21a,2026-07-10 17:40:38
AB-2-01932,105.23,2026-02-13 06:00:00,small_dollar,sha256:59f5c3db0d4c3850,2026-07-10 17:40:38
AB-2-01933,51.55,2026-02-09 22:00:00,small_dollar,sha256:92900c1b0b1d04ea,2026-07-10 17:40:38
AB-2-01934,24.43,2026-01-17 07:00:00,volunteer_drive,sha256:58fe2bde52a6d79e,2026-07-10 17:40:38
AB-2-01935,46.88,2026-03-07 06:00:00,volunteer_drive,sha256:3de34f6c26c5082a,2026-07-10 17:40:38
AB-2-01936,102.97,2026-03-29 09:00:00,fundraising_2026,sha256:cf16017685654ee0,2026-07-10 17:40:38
AB-2-01937,4.74,2026-01-14 23:00:00,volunteer_drive,sha256:d82ee12f482a4a44,2026-07-10 17:40:38
AB-2-01938,251.54,2026-01-04 15:00:00,volunteer_drive,sha256:b7f7fc4316a04a1e,2026-07-10 17:40:38
AB-2-01939,24.66,2026-03-12 02:00:00,fundraising_2026,sha256:db129d65b98c8f80,2026-07-10 17:40:38
AB-2-01940,22.77,2026-02-25 16:00:00,volunteer_drive,sha256:59f2a95ed6400a19,2026-07-10 17:40:38
AB-2-01941,52.32,2026-01-07 20:00:00,volunteer_drive,sha256:d780a53173f8434b,2026-07-10 17:40:38
AB-2-01942,10.19,2026-01-25 12:00:00,small_dollar,sha256:98b8819b1aa25d7e,2026-07-10 17:40:38
AB-2-01943,5.18,2026-03-08 13:00:00,small_dollar,sha256:5fcfba3fba2b7ff5,2026-07-10 17:40:38
AB-2-01944,4.55,2026-01-15 07:00:00,fundraising_2026,sha256:7c4e4293ec412444,2026-07-10 17:40:38
AB-2-01945,92.02,2026-01-31 02:00:00,fundraising_2026,sha256:be17f2e15ec9c69e,2026-07-10 17:40:38
AB-2-01946,48.92,2026-03-31 22:00:00,fundraising_2026,sha256:67994a38ba77e2bb,2026-07-10 17:40:38
AB-2-01947,47.06,2026-03-30 08:00:00,fundraising_2026,sha256:d27bfe58b5d30ba3,2026-07-10 17:40:38
AB-2-01948,95.76,2026-02-06 22:00:00,fundraising_2026,sha256:f74720186053612f,2026-07-10 17:40:38
AB-2-01949,99.54,2026-03-06 22:00:00,volunteer_drive,sha256:5fa141daff601be8,2026-07-10 17:40:38
AB-2-01950,9.63,2026-03-30 07:00:00,fundraising_2026,sha256:d446a92aabcdf52f,2026-07-10 17:40:38
AB-2-01951,10.92,2026-02-12 14:00:00,small_dollar,sha256:4d6e7f7904558c6d,2026-07-10 17:40:38
AB-2-01952,10.95,2026-02-12 00:00:00,fundraising_2026,sha256:08a4b42b6c3ee0ad,2026-07-10 17:40:38
AB-2-01953,27.35,2026-01-02 19:00:00,small_dollar,sha256:d4f54100a3b5017d,2026-07-10 17:40:38
AB-2-01954,4.55,2026-02-01 15:00:00,fundraising_2026,sha256:74643891f68217ae,2026-07-10 17:40:38
AB-2-01955,100.06,2026-02-07 07:00:00,fundraising_2026,sha256:bc3677c6017e0a18,2026-07-10 17:40:38
AB-2-01956,241.78,2026-01-13 09:00:00,volunteer_drive,sha256:0dd61cbc4ac9cc59,2026-07-10 17:40:38
AB-2-01957,249.32,2026-03-11 08:00:00,volunteer_drive,sha256:acb07075b7bc7803,2026-07-10 17:40:38
AB-2-01958,241.69,2026-02-15 09:00:00,small_dollar,sha256:e25a47c6d1c6f7a9,2026-07-10 17:40:38
AB-2-01959,4.77,2026-03-18 15:00:00,small_dollar,sha256:7c556cba00f4c9a3,2026-07-10 17:40:38
AB-2-01960,53.56,2026-01-03 04:00:00,small_dollar,sha256:6e7d7cfe91114224,2026-07-10 17:40:38
AB-2-01961,4.74,2026-02-15 15:00:00,small_dollar,sha256:f95820b2719229f9,2026-07-10 17:40:38
AB-2-01962,10.49,2026-02-25 11:00:00,fundraising_2026,sha256:c789afeb87b76ef4,2026-07-10 17:40:38
AB-2-01963,5.47,2026-02-18 20:00:00,small_dollar,sha256:c7efc5ad7ea47f8b,2026-07-10 17:40:38
AB-2-01964,9.53,2026-02-27 16:00:00,small_dollar,sha256:d7e84d5943a253e3,2026-07-10 17:40:38
AB-2-01965,98.35,2026-02-12 12:00:00,volunteer_drive,sha256:d6cf2f4fc45ec930,2026-07-10 17:40:38
AB-2-01966,104.04,2026-01-06 18:00:00,small_dollar,sha256:af637a1faa35f76e,2026-07-10 17:40:38
AB-2-01967,23.94,2026-02-28 18:00:00,fundraising_2026,sha256:49aeb97fc3245fed,2026-07-10 17:40:38
AB-2-01968,51.81,2026-03-29 04:00:00,small_dollar,sha256:16c877f773232f4a,2026-07-10 17:40:38
AB-2-01969,233.13,2026-03-21 17:00:00,volunteer_drive,sha256:9067cb49deb48a10,2026-07-10 17:40:38
AB-2-01970,45.41,2026-02-07 00:00:00,volunteer_drive,sha256:910a52d3b98ad397,2026-07-10 17:40:38
AB-2-01971,48.06,2026-01-16 01:00:00,volunteer_drive,sha256:ee6a2d5a795c06a9,2026-07-10 17:40:38
AB-2-01972,23.19,2026-01-01 01:00:00,volunteer_drive,sha256:e80307c97a1de8db,2026-07-10 17:40:38
AB-2-01973,93.1,2026-03-06 21:00:00,fundraising_2026,sha256:c71594b6828e4a45,2026-07-10 17:40:38
AB-2-01974,9.86,2026-01-19 23:00:00,fundraising_2026,sha256:7100724a19100738,2026-07-10 17:40:38
AB-2-01975,23.74,2026-01-05 15:00:00,small_dollar,sha256:bb5b15a3f7ade062,2026-07-10 17:40:38
AB-2-01976,5.39,2026-02-24 12:00:00,volunteer_drive,sha256:d988d798b9618c4f,2026-07-10 17:40:38
AB-2-01977,51.79,2026-01-23 18:00:00,volunteer_drive,sha256:3cddebcdbec70294,2026-07-10 17:40:38
AB-2-01978,9.5,2026-01-18 21:00:00,volunteer_drive,sha256:888ae58d6cf31333,2026-07-10 17:40:38
AB-2-01979,4.8,2026-02-08 09:00:00,small_dollar,sha256:aa360e763f8fbb8b,2026-07-10 17:40:38
AB-2-01980,45.96,2026-01-24 12:00:00,small_dollar,sha256:1e722071c6b9b2b1,2026-07-10 17:40:38
AB-2-01981,260.63,2026-02-10 16:00:00,volunteer_drive,sha256:b172ac5a17ba7b6d,2026-07-10 17:40:38
AB-2-01982,49.61,2026-03-01 13:00:00,small_dollar,sha256:8e99c306f32d1ef5,2026-07-10 17:40:38
AB-2-01983,10.23,2026-02-23 02:00:00,volunteer_drive,sha256:51b860c993061e3e,2026-07-10 17:40:38
AB-2-01984,23.14,2026-03-16 16:00:00,small_dollar,sha256:e0a860e6327fc990,2026-07-10 17:40:38
AB-2-01985,46.26,2026-02-07 01:00:00,small_dollar,sha256:29208601b7927a76,2026-07-10 17:40:38
AB-2-01986,4.58,2026-03-08 14:00:00,volunteer_drive,sha256:b5f373d43dde75fc,2026-07-10 17:40:38
AB-2-01987,25.47,2026-03-25 03:00:00,volunteer_drive,sha256:07e6c090ed7a417b,2026-07-10 17:40:38
AB-2-01988,4.62,2026-03-30 10:00:00,small_dollar,sha256:9254a6ac0228c582,2026-07-10 17:40:38
AB-2-01989,10.03,2026-01-07 22:00:00,small_dollar,sha256:4f6f8cbda98f9ff7,2026-07-10 17:40:38
AB-2-01990,10.79,2026-03-05 04:00:00,small_dollar,sha256:f96d2ddaf05d9f27,2026-07-10 17:40:38
AB-2-01991,26.1,2026-02-08 20:00:00,fundraising_2026,sha256:cee73cce2105267c,2026-07-10 17:40:38
AB-2-01992,9.23,2026-03-21 22:00:00,fundraising_2026,sha256:82742c275506929a,2026-07-10 17:40:38
AB-2-01993,4.75,2026-01-16 16:00:00,fundraising_2026,sha256:a42e477964e14f06,2026-07-10 17:40:38
AB-2-01994,45.56,2026-03-06 14:00:00,fundraising_2026,sha256:a2cdc74cdd119167,2026-07-10 17:40:38
AB-2-01995,10.68,2026-03-03 05:00:00,small_dollar,sha256:9b27a1423f0b5ad2,2026-07-10 17:40:38
AB-2-01996,53.59,2026-03-20 21:00:00,small_dollar,sha256:c2ce891f60bbae6e,2026-07-10 17:40:38
AB-2-01997,4.68,2026-01-19 20:00:00,small_dollar,sha256:7fa64fa82a549d3d,2026-07-10 17:40:38
AB-2-01998,259.98,2026-01-22 16:00:00,fundraising_2026,sha256:5084e579bdd9ff7a,2026-07-10 17:40:38
AB-2-01999,230.0,2026-02-07 09:00:00,small_dollar,sha256:d0e5327e8ef4095e,2026-07-10 17:40:38
